[2026-02-24 11:21:46:1809][restartedMain] DEBUG o.s.w.s.m.m.a.RequestMappingHandlerMapping - 5 mappings in 'requestMappingHandlerMapping'
[2026-02-24 11:21:46:1825][restartedMain] DEBUG o.s.w.s.h.SimpleUrlHandlerMapping - Patterns [/webjars/**, /**] in 'resourceHandlerMapping'
[2026-02-24 11:21:46:1841][restartedMain] DEBUG o.s.w.s.m.m.a.RequestMappingHandlerAdapter - ControllerAdvice beans: 0 @ModelAttribute, 0 @InitBinder, 2 RequestBodyAdvice, 1 ResponseBodyAdvice
[2026-02-24 11:21:46:1889][restartedMain] DEBUG o.s.w.s.m.m.a.ExceptionHandlerExceptionResolver - ControllerAdvice beans: 0 @ExceptionHandler, 1 ResponseBodyAdvice
[2026-02-24 11:24:12:1372][restartedMain] DEBUG o.s.w.s.m.m.a.RequestMappingHandlerMapping - 5 mappings in 'requestMappingHandlerMapping'
[2026-02-24 11:24:12:1403][restartedMain] DEBUG o.s.w.s.h.SimpleUrlHandlerMapping - Patterns [/webjars/**, /**] in 'resourceHandlerMapping'
[2026-02-24 11:24:12:1418][restartedMain] DEBUG o.s.w.s.m.m.a.RequestMappingHandlerAdapter - ControllerAdvice beans: 0 @ModelAttribute, 0 @InitBinder, 2 RequestBodyAdvice, 1 ResponseBodyAdvice
[2026-02-24 11:24:12:1459][restartedMain] DEBUG o.s.w.s.m.m.a.ExceptionHandlerExceptionResolver - ControllerAdvice beans: 0 @ExceptionHandler, 1 ResponseBodyAdvice
[2026-02-24 11:26:25:134480][restartedMain] DEBUG o.s.w.s.m.m.a.RequestMappingHandlerMapping - 5 mappings in 'requestMappingHandlerMapping'
[2026-02-24 11:26:25:134480][restartedMain] DEBUG o.s.w.s.h.SimpleUrlHandlerMapping - Patterns [/webjars/**, /**] in 'resourceHandlerMapping'
[2026-02-24 11:26:25:134480][restartedMain] DEBUG o.s.w.s.m.m.a.RequestMappingHandlerAdapter - ControllerAdvice beans: 0 @ModelAttribute, 0 @InitBinder, 2 RequestBodyAdvice, 1 ResponseBodyAdvice
[2026-02-24 11:26:25:134495][restartedMain] DEBUG o.s.w.s.m.m.a.ExceptionHandlerExceptionResolver - ControllerAdvice beans: 0 @ExceptionHandler, 1 ResponseBodyAdvice
[2026-02-24 11:28:05:234489][restartedMain] DEBUG o.s.w.s.m.m.a.RequestMappingHandlerMapping - 5 mappings in 'requestMappingHandlerMapping'
[2026-02-24 11:28:05:234498][restartedMain] DEBUG o.s.w.s.h.SimpleUrlHandlerMapping - Patterns [/webjars/**, /**] in 'resourceHandlerMapping'
[2026-02-24 11:28:05:234502][restartedMain] DEBUG o.s.w.s.m.m.a.RequestMappingHandlerAdapter - ControllerAdvice beans: 0 @ModelAttribute, 0 @InitBinder, 2 RequestBodyAdvice, 1 ResponseBodyAdvice
[2026-02-24 11:28:05:234510][restartedMain] DEBUG o.s.w.s.m.m.a.ExceptionHandlerExceptionResolver - ControllerAdvice beans: 0 @ExceptionHandler, 1 ResponseBodyAdvice
[2026-02-24 11:40:20:919][restartedMain] INFO  com.hana8.demo.DemoApplication - Starting DemoApplication using Java 21.0.9 with PID 19048 (C:\mygit\hana8\java\demo\build\classes\java\main started by tiger in C:\mygit\hana8\java\demo)
[2026-02-24 11:40:20:921][restartedMain] DEBUG com.hana8.demo.DemoApplication - Running with Spring Boot v4.0.3, Spring v7.0.5
[2026-02-24 11:40:20:922][restartedMain] INFO  com.hana8.demo.DemoApplication - No active profile set, falling back to 1 default profile: "default"
[2026-02-24 11:40:22:2198][restartedMain] INFO  com.hana8.demo.DemoApplication - Started DemoApplication in 1.955 seconds (process running for 2.767)
[2026-02-24 11:40:57:37431][http-nio-8080-exec-1] INFO  com.hana8.demo.controller.HelloController - INFO: name=Hong - code=123
[2026-02-24 11:40:57:37431][http-nio-8080-exec-1] DEBUG com.hana8.demo.controller.HelloController - DEBUG:
[2026-02-24 11:40:57:37431][http-nio-8080-exec-1] WARN  com.hana8.demo.controller.HelloController - WARN: warning
[2026-02-24 11:40:57:37431][http-nio-8080-exec-1] ERROR com.hana8.demo.controller.HelloController - ERROR: Critical error happened!
[2026-02-24 13:05:19:811][restartedMain] INFO  com.hana8.demo.DemoApplication - Starting DemoApplication using Java 21.0.9 with PID 25476 (C:\mygit\hana8\java\demo\build\classes\java\main started by tiger in C:\mygit\hana8\java\demo)
[2026-02-24 13:05:19:813][restartedMain] DEBUG com.hana8.demo.DemoApplication - Running with Spring Boot v4.0.3, Spring v7.0.5
[2026-02-24 13:05:19:813][restartedMain] INFO  com.hana8.demo.DemoApplication - No active profile set, falling back to 1 default profile: "default"
[2026-02-24 13:05:20:1733][restartedMain] INFO  com.hana8.demo.DemoApplication - Started DemoApplication in 1.41 seconds (process running for 2.225)
[2026-02-24 14:11:12:616][restartedMain] INFO  com.hana8.demo.DemoApplication - Starting DemoApplication using Java 21.0.9 with PID 14284 (C:\mygit\hana8\java\demo\build\classes\java\main started by tiger in C:\mygit\hana8\java\demo)
[2026-02-24 14:11:12:620][restartedMain] DEBUG com.hana8.demo.DemoApplication - Running with Spring Boot v4.0.3, Spring v7.0.5
[2026-02-24 14:11:12:620][restartedMain] INFO  com.hana8.demo.DemoApplication - No active profile set, falling back to 1 default profile: "default"
[2026-02-24 14:11:13:1831][restartedMain] INFO  com.hana8.demo.DemoApplication - Started DemoApplication in 1.681 seconds (process running for 2.222)
[2026-02-24 14:11:15:3302][restartedMain] INFO  com.hana8.demo.DemoApplication - Starting DemoApplication using Java 21.0.9 with PID 14284 (C:\mygit\hana8\java\demo\build\classes\java\main started by tiger in C:\mygit\hana8\java\demo)
[2026-02-24 14:11:15:3302][restartedMain] DEBUG com.hana8.demo.DemoApplication - Running with Spring Boot v4.0.3, Spring v7.0.5
[2026-02-24 14:11:15:3302][restartedMain] INFO  com.hana8.demo.DemoApplication - No active profile set, falling back to 1 default profile: "default"
[2026-02-24 14:11:15:3469][restartedMain] INFO  com.hana8.demo.DemoApplication - Started DemoApplication in 0.19 seconds (process running for 3.86)
[2026-02-24 14:12:57:105561][restartedMain] INFO  com.hana8.demo.DemoApplication - Starting DemoApplication using Java 21.0.9 with PID 14284 (C:\mygit\hana8\java\demo\build\classes\java\main started by tiger in C:\mygit\hana8\java\demo)
[2026-02-24 14:12:57:105561][restartedMain] DEBUG com.hana8.demo.DemoApplication - Running with Spring Boot v4.0.3, Spring v7.0.5
[2026-02-24 14:12:57:105561][restartedMain] INFO  com.hana8.demo.DemoApplication - No active profile set, falling back to 1 default profile: "default"
[2026-02-24 14:12:58:106040][restartedMain] INFO  com.hana8.demo.DemoApplication - Started DemoApplication in 0.632 seconds (process running for 106.432)
[2026-02-24 14:12:59:107588][restartedMain] INFO  com.hana8.demo.DemoApplication - Starting DemoApplication using Java 21.0.9 with PID 14284 (C:\mygit\hana8\java\demo\build\classes\java\main started by tiger in C:\mygit\hana8\java\demo)
[2026-02-24 14:12:59:107597][restartedMain] DEBUG com.hana8.demo.DemoApplication - Running with Spring Boot v4.0.3, Spring v7.0.5
[2026-02-24 14:12:59:107600][restartedMain] INFO  com.hana8.demo.DemoApplication - No active profile set, falling back to 1 default profile: "default"
[2026-02-24 14:13:00:107952][restartedMain] INFO  com.hana8.demo.DemoApplication - Started DemoApplication in 0.412 seconds (process running for 108.344)
[2026-02-24 14:13:01:109632][restartedMain] INFO  com.hana8.demo.DemoApplication - Starting DemoApplication using Java 21.0.9 with PID 14284 (C:\mygit\hana8\java\demo\build\classes\java\main started by tiger in C:\mygit\hana8\java\demo)
[2026-02-24 14:13:01:109635][restartedMain] DEBUG com.hana8.demo.DemoApplication - Running with Spring Boot v4.0.3, Spring v7.0.5
[2026-02-24 14:13:01:109635][restartedMain] INFO  com.hana8.demo.DemoApplication - No active profile set, falling back to 1 default profile: "default"
[2026-02-24 14:13:02:109866][restartedMain] INFO  com.hana8.demo.DemoApplication - Started DemoApplication in 0.323 seconds (process running for 110.261)
[2026-02-24 14:13:03:111357][restartedMain] INFO  com.hana8.demo.DemoApplication - Starting DemoApplication using Java 21.0.9 with PID 14284 (C:\mygit\hana8\java\demo\build\classes\java\main started by tiger in C:\mygit\hana8\java\demo)
[2026-02-24 14:13:03:111357][restartedMain] DEBUG com.hana8.demo.DemoApplication - Running with Spring Boot v4.0.3, Spring v7.0.5
[2026-02-24 14:13:03:111357][restartedMain] INFO  com.hana8.demo.DemoApplication - No active profile set, falling back to 1 default profile: "default"
[2026-02-24 14:13:03:111634][restartedMain] INFO  com.hana8.demo.DemoApplication - Started DemoApplication in 0.302 seconds (process running for 112.025)
[2026-02-24 14:15:33:703][restartedMain] INFO  com.hana8.demo.DemoApplication - Starting DemoApplication using Java 21.0.9 with PID 31388 (C:\mygit\hana8\java\demo\build\classes\java\main started by tiger in C:\mygit\hana8\java\demo)
[2026-02-24 14:15:33:705][restartedMain] DEBUG com.hana8.demo.DemoApplication - Running with Spring Boot v4.0.3, Spring v7.0.5
[2026-02-24 14:15:33:706][restartedMain] INFO  com.hana8.demo.DemoApplication - No active profile set, falling back to 1 default profile: "default"
[2026-02-24 14:15:34:1686][restartedMain] INFO  com.hana8.demo.DemoApplication - Started DemoApplication in 1.442 seconds (process running for 2.115)
[2026-02-24 14:15:36:4170][restartedMain] INFO  com.hana8.demo.DemoApplication - Starting DemoApplication using Java 21.0.9 with PID 31388 (C:\mygit\hana8\java\demo\build\classes\java\main started by tiger in C:\mygit\hana8\java\demo)
[2026-02-24 14:15:36:4170][restartedMain] DEBUG com.hana8.demo.DemoApplication - Running with Spring Boot v4.0.3, Spring v7.0.5
[2026-02-24 14:15:36:4171][restartedMain] INFO  com.hana8.demo.DemoApplication - No active profile set, falling back to 1 default profile: "default"
[2026-02-24 14:15:37:4351][restartedMain] INFO  com.hana8.demo.DemoApplication - Started DemoApplication in 0.21 seconds (process running for 4.78)
[2026-02-24 14:16:48:75986][restartedMain] INFO  com.hana8.demo.DemoApplication - Starting DemoApplication using Java 21.0.9 with PID 31388 (C:\mygit\hana8\java\demo\build\classes\java\main started by tiger in C:\mygit\hana8\java\demo)
[2026-02-24 14:16:48:75986][restartedMain] DEBUG com.hana8.demo.DemoApplication - Running with Spring Boot v4.0.3, Spring v7.0.5
[2026-02-24 14:16:48:75986][restartedMain] INFO  com.hana8.demo.DemoApplication - No active profile set, falling back to 1 default profile: "default"
[2026-02-24 14:16:48:76194][restartedMain] INFO  com.hana8.demo.DemoApplication - Started DemoApplication in 0.237 seconds (process running for 76.626)
[2026-02-24 14:16:56:84216][restartedMain] INFO  com.hana8.demo.DemoApplication - Starting DemoApplication using Java 21.0.9 with PID 31388 (C:\mygit\hana8\java\demo\build\classes\java\main started by tiger in C:\mygit\hana8\java\demo)
[2026-02-24 14:16:56:84216][restartedMain] DEBUG com.hana8.demo.DemoApplication - Running with Spring Boot v4.0.3, Spring v7.0.5
[2026-02-24 14:16:56:84216][restartedMain] INFO  com.hana8.demo.DemoApplication - No active profile set, falling back to 1 default profile: "default"
[2026-02-24 14:16:57:84354][restartedMain] INFO  com.hana8.demo.DemoApplication - Started DemoApplication in 0.154 seconds (process running for 84.785)
[2026-02-24 14:24:55:563067][restartedMain] INFO  com.hana8.demo.DemoApplication - Starting DemoApplication using Java 21.0.9 with PID 31388 (C:\mygit\hana8\java\demo\build\classes\java\main started by tiger in C:\mygit\hana8\java\demo)
[2026-02-24 14:24:55:563067][restartedMain] DEBUG com.hana8.demo.DemoApplication - Running with Spring Boot v4.0.3, Spring v7.0.5
[2026-02-24 14:24:55:563067][restartedMain] INFO  com.hana8.demo.DemoApplication - No active profile set, falling back to 1 default profile: "default"
[2026-02-24 14:24:56:563334][restartedMain] INFO  com.hana8.demo.DemoApplication - Started DemoApplication in 0.311 seconds (process running for 563.774)
[2026-02-24 14:24:57:564842][restartedMain] INFO  com.hana8.demo.DemoApplication - Starting DemoApplication using Java 21.0.9 with PID 31388 (C:\mygit\hana8\java\demo\build\classes\java\main started by tiger in C:\mygit\hana8\java\demo)
[2026-02-24 14:24:57:564842][restartedMain] DEBUG com.hana8.demo.DemoApplication - Running with Spring Boot v4.0.3, Spring v7.0.5
[2026-02-24 14:24:57:564842][restartedMain] INFO  com.hana8.demo.DemoApplication - No active profile set, falling back to 1 default profile: "default"
[2026-02-24 14:24:57:564958][restartedMain] INFO  com.hana8.demo.DemoApplication - Started DemoApplication in 0.148 seconds (process running for 565.403)
[2026-02-24 14:25:05:572589][restartedMain] INFO  com.hana8.demo.DemoApplication - Starting DemoApplication using Java 21.0.9 with PID 31388 (C:\mygit\hana8\java\demo\build\classes\java\main started by tiger in C:\mygit\hana8\java\demo)
[2026-02-24 14:25:05:572589][restartedMain] DEBUG com.hana8.demo.DemoApplication - Running with Spring Boot v4.0.3, Spring v7.0.5
[2026-02-24 14:25:05:572589][restartedMain] INFO  com.hana8.demo.DemoApplication - No active profile set, falling back to 1 default profile: "default"
[2026-02-24 14:25:05:572711][restartedMain] INFO  com.hana8.demo.DemoApplication - Started DemoApplication in 0.14 seconds (process running for 573.142)
[2026-02-24 14:25:06:574202][restartedMain] INFO  com.hana8.demo.DemoApplication - Starting DemoApplication using Java 21.0.9 with PID 31388 (C:\mygit\hana8\java\demo\build\classes\java\main started by tiger in C:\mygit\hana8\java\demo)
[2026-02-24 14:25:06:574202][restartedMain] DEBUG com.hana8.demo.DemoApplication - Running with Spring Boot v4.0.3, Spring v7.0.5
[2026-02-24 14:25:06:574202][restartedMain] INFO  com.hana8.demo.DemoApplication - No active profile set, falling back to 1 default profile: "default"
[2026-02-24 14:25:07:574326][restartedMain] WARN  o.s.b.w.s.s.c.AnnotationConfigServletWebServerApplicationContext - Exception encountered during context initialization - cancelling refresh attempt: org.springframework.beans.factory.BeanCreationException: Error creating bean with name 'userService': Resolution of declared constructors on bean Class [com.hana8.demo.service.UserService] from ClassLoader [org.springframework.boot.devtools.restart.classloader.RestartClassLoader@1c113f71] failed
[2026-02-24 14:25:07:574326][restartedMain] WARN  o.s.b.w.s.s.c.AnnotationConfigServletWebServerApplicationContext - Exception encountered during context initialization - cancelling refresh attempt: org.springframework.beans.factory.BeanCreationException: Error creating bean with name 'userService': Resolution of declared constructors on bean Class [com.hana8.demo.service.UserService] from ClassLoader [org.springframework.boot.devtools.restart.classloader.RestartClassLoader@1c113f71] failed
[2026-02-24 14:25:07:574349][restartedMain] ERROR o.s.boot.SpringApplication - Application run failed
org.springframework.beans.factory.BeanCreationException: Error creating bean with name 'userService': Resolution of declared constructors on bean Class [com.hana8.demo.service.UserService] from ClassLoader [org.springframework.boot.devtools.restart.classloader.RestartClassLoader@1c113f71] failed
	at org.springframework.beans.factory.annotation.AutowiredAnnotationBeanPostProcessor.determineCandidateConstructors(AutowiredAnnotationBeanPostProcessor.java:368)
	at org.springframework.beans.factory.support.AbstractAutowireCapableBeanFactory.determineConstructorsFromBeanPostProcessors(AbstractAutowireCapableBeanFactory.java:1321)
	at org.springframework.beans.factory.support.AbstractAutowireCapableBeanFactory.createBeanInstance(AbstractAutowireCapableBeanFactory.java:1218)
	at org.springframework.beans.factory.support.AbstractAutowireCapableBeanFactory.doCreateBean(AbstractAutowireCapableBeanFactory.java:565)
	at org.springframework.beans.factory.support.AbstractAutowireCapableBeanFactory.createBean(AbstractAutowireCapableBeanFactory.java:525)
	at org.springframework.beans.factory.support.AbstractBeanFactory.lambda$doGetBean$0(AbstractBeanFactory.java:333)
	at org.springframework.beans.factory.support.DefaultSingletonBeanRegistry.getSingleton(DefaultSingletonBeanRegistry.java:371)
	at org.springframework.beans.factory.support.AbstractBeanFactory.doGetBean(AbstractBeanFactory.java:331)
	at org.springframework.beans.factory.support.AbstractBeanFactory.getBean(AbstractBeanFactory.java:196)
	at org.springframework.beans.factory.support.DefaultListableBeanFactory.instantiateSingleton(DefaultListableBeanFactory.java:1218)
	at org.springframework.beans.factory.support.DefaultListableBeanFactory.preInstantiateSingleton(DefaultListableBeanFactory.java:1184)
	at org.springframework.beans.factory.support.DefaultListableBeanFactory.preInstantiateSingletons(DefaultListableBeanFactory.java:1121)
	at org.springframework.context.support.AbstractApplicationContext.finishBeanFactoryInitialization(AbstractApplicationContext.java:994)
	at org.springframework.context.support.AbstractApplicationContext.refresh(AbstractApplicationContext.java:621)
	at org.springframework.boot.web.server.servlet.context.ServletWebServerApplicationContext.refresh(ServletWebServerApplicationContext.java:143)
	at org.springframework.boot.SpringApplication.refresh(SpringApplication.java:756)
	at org.springframework.boot.SpringApplication.refreshContext(SpringApplication.java:445)
	at org.springframework.boot.SpringApplication.run(SpringApplication.java:321)
	at org.springframework.boot.SpringApplication.run(SpringApplication.java:1365)
	at org.springframework.boot.SpringApplication.run(SpringApplication.java:1354)
	at com.hana8.demo.DemoApplication.main(DemoApplication.java:10)
	at java.base/jdk.internal.reflect.DirectMethodHandleAccessor.invoke(DirectMethodHandleAccessor.java:103)
	at java.base/java.lang.reflect.Method.invoke(Method.java:580)
	at org.springframework.boot.devtools.restart.RestartLauncher.run(RestartLauncher.java:52)
Caused by: java.lang.NoClassDefFoundError: com/hana8/demo/repository/UserRepository
	at java.base/java.lang.Class.getDeclaredConstructors0(Native Method)
	at java.base/java.lang.Class.privateGetDeclaredConstructors(Class.java:3551)
	at java.base/java.lang.Class.getDeclaredConstructors(Class.java:2729)
	at org.springframework.beans.factory.annotation.AutowiredAnnotationBeanPostProcessor.determineCandidateConstructors(AutowiredAnnotationBeanPostProcessor.java:363)
	... 23 common frames omitted
Caused by: java.lang.ClassNotFoundException: com.hana8.demo.repository.UserRepository
	at java.base/jdk.internal.loader.BuiltinClassLoader.loadClass(BuiltinClassLoader.java:641)
	at java.base/jdk.internal.loader.ClassLoaders$AppClassLoader.loadClass(ClassLoaders.java:188)
	at java.base/java.lang.ClassLoader.loadClass(ClassLoader.java:526)
	at java.base/java.lang.Class.forName0(Native Method)
	at java.base/java.lang.Class.forName(Class.java:536)
	at java.base/java.lang.Class.forName(Class.java:515)
	at org.springframework.boot.devtools.restart.classloader.RestartClassLoader.loadClass(RestartClassLoader.java:123)
	at java.base/java.lang.ClassLoader.loadClass(ClassLoader.java:526)
	... 27 common frames omitted
[2026-02-24 14:25:07:574349][restartedMain] ERROR o.s.boot.SpringApplication - Application run failed
org.springframework.beans.factory.BeanCreationException: Error creating bean with name 'userService': Resolution of declared constructors on bean Class [com.hana8.demo.service.UserService] from ClassLoader [org.springframework.boot.devtools.restart.classloader.RestartClassLoader@1c113f71] failed
	at org.springframework.beans.factory.annotation.AutowiredAnnotationBeanPostProcessor.determineCandidateConstructors(AutowiredAnnotationBeanPostProcessor.java:368)
	at org.springframework.beans.factory.support.AbstractAutowireCapableBeanFactory.determineConstructorsFromBeanPostProcessors(AbstractAutowireCapableBeanFactory.java:1321)
	at org.springframework.beans.factory.support.AbstractAutowireCapableBeanFactory.createBeanInstance(AbstractAutowireCapableBeanFactory.java:1218)
	at org.springframework.beans.factory.support.AbstractAutowireCapableBeanFactory.doCreateBean(AbstractAutowireCapableBeanFactory.java:565)
	at org.springframework.beans.factory.support.AbstractAutowireCapableBeanFactory.createBean(AbstractAutowireCapableBeanFactory.java:525)
	at org.springframework.beans.factory.support.AbstractBeanFactory.lambda$doGetBean$0(AbstractBeanFactory.java:333)
	at org.springframework.beans.factory.support.DefaultSingletonBeanRegistry.getSingleton(DefaultSingletonBeanRegistry.java:371)
	at org.springframework.beans.factory.support.AbstractBeanFactory.doGetBean(AbstractBeanFactory.java:331)
	at org.springframework.beans.factory.support.AbstractBeanFactory.getBean(AbstractBeanFactory.java:196)
	at org.springframework.beans.factory.support.DefaultListableBeanFactory.instantiateSingleton(DefaultListableBeanFactory.java:1218)
	at org.springframework.beans.factory.support.DefaultListableBeanFactory.preInstantiateSingleton(DefaultListableBeanFactory.java:1184)
	at org.springframework.beans.factory.support.DefaultListableBeanFactory.preInstantiateSingletons(DefaultListableBeanFactory.java:1121)
	at org.springframework.context.support.AbstractApplicationContext.finishBeanFactoryInitialization(AbstractApplicationContext.java:994)
	at org.springframework.context.support.AbstractApplicationContext.refresh(AbstractApplicationContext.java:621)
	at org.springframework.boot.web.server.servlet.context.ServletWebServerApplicationContext.refresh(ServletWebServerApplicationContext.java:143)
	at org.springframework.boot.SpringApplication.refresh(SpringApplication.java:756)
	at org.springframework.boot.SpringApplication.refreshContext(SpringApplication.java:445)
	at org.springframework.boot.SpringApplication.run(SpringApplication.java:321)
	at org.springframework.boot.SpringApplication.run(SpringApplication.java:1365)
	at org.springframework.boot.SpringApplication.run(SpringApplication.java:1354)
	at com.hana8.demo.DemoApplication.main(DemoApplication.java:10)
	at java.base/jdk.internal.reflect.DirectMethodHandleAccessor.invoke(DirectMethodHandleAccessor.java:103)
	at java.base/java.lang.reflect.Method.invoke(Method.java:580)
	at org.springframework.boot.devtools.restart.RestartLauncher.run(RestartLauncher.java:52)
Caused by: java.lang.NoClassDefFoundError: com/hana8/demo/repository/UserRepository
	at java.base/java.lang.Class.getDeclaredConstructors0(Native Method)
	at java.base/java.lang.Class.privateGetDeclaredConstructors(Class.java:3551)
	at java.base/java.lang.Class.getDeclaredConstructors(Class.java:2729)
	at org.springframework.beans.factory.annotation.AutowiredAnnotationBeanPostProcessor.determineCandidateConstructors(AutowiredAnnotationBeanPostProcessor.java:363)
	... 23 common frames omitted
Caused by: java.lang.ClassNotFoundException: com.hana8.demo.repository.UserRepository
	at java.base/jdk.internal.loader.BuiltinClassLoader.loadClass(BuiltinClassLoader.java:641)
	at java.base/jdk.internal.loader.ClassLoaders$AppClassLoader.loadClass(ClassLoaders.java:188)
	at java.base/java.lang.ClassLoader.loadClass(ClassLoader.java:526)
	at java.base/java.lang.Class.forName0(Native Method)
	at java.base/java.lang.Class.forName(Class.java:536)
	at java.base/java.lang.Class.forName(Class.java:515)
	at org.springframework.boot.devtools.restart.classloader.RestartClassLoader.loadClass(RestartClassLoader.java:123)
	at java.base/java.lang.ClassLoader.loadClass(ClassLoader.java:526)
	... 27 common frames omitted
[2026-02-24 14:27:54:741378][restartedMain] INFO  com.hana8.demo.DemoApplication - Starting DemoApplication using Java 21.0.9 with PID 31388 (C:\mygit\hana8\java\demo\build\classes\java\main started by tiger in C:\mygit\hana8\java\demo)
[2026-02-24 14:27:54:741380][restartedMain] DEBUG com.hana8.demo.DemoApplication - Running with Spring Boot v4.0.3, Spring v7.0.5
[2026-02-24 14:27:54:741380][restartedMain] INFO  com.hana8.demo.DemoApplication - No active profile set, falling back to 1 default profile: "default"
[2026-02-24 14:27:54:741576][restartedMain] WARN  o.s.b.w.s.s.c.AnnotationConfigServletWebServerApplicationContext - Exception encountered during context initialization - cancelling refresh attempt: org.springframework.context.ApplicationContextException: Unable to start web server
[2026-02-24 14:27:54:741576][restartedMain] WARN  o.s.b.w.s.s.c.AnnotationConfigServletWebServerApplicationContext - Exception encountered during context initialization - cancelling refresh attempt: org.springframework.context.ApplicationContextException: Unable to start web server
[2026-02-24 14:27:54:741582][restartedMain] ERROR o.s.boot.SpringApplication - Application run failed
org.springframework.context.ApplicationContextException: Unable to start web server
	at org.springframework.boot.web.server.servlet.context.ServletWebServerApplicationContext.onRefresh(ServletWebServerApplicationContext.java:167)
	at org.springframework.context.support.AbstractApplicationContext.refresh(AbstractApplicationContext.java:615)
	at org.springframework.boot.web.server.servlet.context.ServletWebServerApplicationContext.refresh(ServletWebServerApplicationContext.java:143)
	at org.springframework.boot.SpringApplication.refresh(SpringApplication.java:756)
	at org.springframework.boot.SpringApplication.refreshContext(SpringApplication.java:445)
	at org.springframework.boot.SpringApplication.run(SpringApplication.java:321)
	at org.springframework.boot.SpringApplication.run(SpringApplication.java:1365)
	at org.springframework.boot.SpringApplication.run(SpringApplication.java:1354)
	at com.hana8.demo.DemoApplication.main(DemoApplication.java:10)
	at java.base/jdk.internal.reflect.DirectMethodHandleAccessor.invoke(DirectMethodHandleAccessor.java:103)
	at java.base/java.lang.reflect.Method.invoke(Method.java:580)
	at org.springframework.boot.devtools.restart.RestartLauncher.run(RestartLauncher.java:52)
Caused by: org.springframework.beans.factory.CannotLoadBeanClassException: Cannot find class [com.hana8.demo.controller.HelloController] for bean with name 'helloController' defined in file [C:\mygit\hana8\java\demo\build\classes\java\main\com\hana8\demo\controller\HelloController.class]
	at org.springframework.beans.factory.support.AbstractBeanFactory.resolveBeanClass(AbstractBeanFactory.java:1571)
	at org.springframework.beans.factory.support.AbstractAutowireCapableBeanFactory.determineTargetType(AbstractAutowireCapableBeanFactory.java:686)
	at org.springframework.beans.factory.support.AbstractAutowireCapableBeanFactory.predictBeanType(AbstractAutowireCapableBeanFactory.java:655)
	at org.springframework.beans.factory.support.AbstractBeanFactory.isFactoryBean(AbstractBeanFactory.java:1699)
	at org.springframework.beans.factory.support.DefaultListableBeanFactory.doGetBeanNamesForType(DefaultListableBeanFactory.java:632)
	at org.springframework.beans.factory.support.DefaultListableBeanFactory.getBeanNamesForType(DefaultListableBeanFactory.java:604)
	at org.springframework.beans.factory.support.DefaultListableBeanFactory.getBeanNamesForType(DefaultListableBeanFactory.java:598)
	at org.springframework.boot.web.server.servlet.context.ServletWebServerApplicationContext.getWebServerFactory(ServletWebServerApplicationContext.java:216)
	at org.springframework.boot.web.server.servlet.context.ServletWebServerApplicationContext.createWebServer(ServletWebServerApplicationContext.java:188)
	at org.springframework.boot.web.server.servlet.context.ServletWebServerApplicationContext.onRefresh(ServletWebServerApplicationContext.java:164)
	... 11 common frames omitted
Caused by: java.lang.ClassNotFoundException: com.hana8.demo.controller.HelloController
	at java.base/jdk.internal.loader.BuiltinClassLoader.loadClass(BuiltinClassLoader.java:641)
	at java.base/jdk.internal.loader.ClassLoaders$AppClassLoader.loadClass(ClassLoaders.java:188)
	at java.base/java.lang.ClassLoader.loadClass(ClassLoader.java:526)
	at java.base/java.lang.Class.forName0(Native Method)
	at java.base/java.lang.Class.forName(Class.java:536)
	at java.base/java.lang.Class.forName(Class.java:515)
	at org.springframework.boot.devtools.restart.classloader.RestartClassLoader.loadClass(RestartClassLoader.java:123)
	at java.base/java.lang.ClassLoader.loadClass(ClassLoader.java:526)
	at java.base/java.lang.Class.forName0(Native Method)
	at java.base/java.lang.Class.forName(Class.java:536)
	at java.base/java.lang.Class.forName(Class.java:515)
	at org.springframework.util.ClassUtils.forName(ClassUtils.java:302)
	at org.springframework.beans.factory.support.AbstractBeanDefinition.resolveBeanClass(AbstractBeanDefinition.java:489)
	at org.springframework.beans.factory.support.AbstractBeanFactory.doResolveBeanClass(AbstractBeanFactory.java:1638)
	at org.springframework.beans.factory.support.AbstractBeanFactory.resolveBeanClass(AbstractBeanFactory.java:1564)
	... 20 common frames omitted
[2026-02-24 14:27:54:741582][restartedMain] ERROR o.s.boot.SpringApplication - Application run failed
org.springframework.context.ApplicationContextException: Unable to start web server
	at org.springframework.boot.web.server.servlet.context.ServletWebServerApplicationContext.onRefresh(ServletWebServerApplicationContext.java:167)
	at org.springframework.context.support.AbstractApplicationContext.refresh(AbstractApplicationContext.java:615)
	at org.springframework.boot.web.server.servlet.context.ServletWebServerApplicationContext.refresh(ServletWebServerApplicationContext.java:143)
	at org.springframework.boot.SpringApplication.refresh(SpringApplication.java:756)
	at org.springframework.boot.SpringApplication.refreshContext(SpringApplication.java:445)
	at org.springframework.boot.SpringApplication.run(SpringApplication.java:321)
	at org.springframework.boot.SpringApplication.run(SpringApplication.java:1365)
	at org.springframework.boot.SpringApplication.run(SpringApplication.java:1354)
	at com.hana8.demo.DemoApplication.main(DemoApplication.java:10)
	at java.base/jdk.internal.reflect.DirectMethodHandleAccessor.invoke(DirectMethodHandleAccessor.java:103)
	at java.base/java.lang.reflect.Method.invoke(Method.java:580)
	at org.springframework.boot.devtools.restart.RestartLauncher.run(RestartLauncher.java:52)
Caused by: org.springframework.beans.factory.CannotLoadBeanClassException: Cannot find class [com.hana8.demo.controller.HelloController] for bean with name 'helloController' defined in file [C:\mygit\hana8\java\demo\build\classes\java\main\com\hana8\demo\controller\HelloController.class]
	at org.springframework.beans.factory.support.AbstractBeanFactory.resolveBeanClass(AbstractBeanFactory.java:1571)
	at org.springframework.beans.factory.support.AbstractAutowireCapableBeanFactory.determineTargetType(AbstractAutowireCapableBeanFactory.java:686)
	at org.springframework.beans.factory.support.AbstractAutowireCapableBeanFactory.predictBeanType(AbstractAutowireCapableBeanFactory.java:655)
	at org.springframework.beans.factory.support.AbstractBeanFactory.isFactoryBean(AbstractBeanFactory.java:1699)
	at org.springframework.beans.factory.support.DefaultListableBeanFactory.doGetBeanNamesForType(DefaultListableBeanFactory.java:632)
	at org.springframework.beans.factory.support.DefaultListableBeanFactory.getBeanNamesForType(DefaultListableBeanFactory.java:604)
	at org.springframework.beans.factory.support.DefaultListableBeanFactory.getBeanNamesForType(DefaultListableBeanFactory.java:598)
	at org.springframework.boot.web.server.servlet.context.ServletWebServerApplicationContext.getWebServerFactory(ServletWebServerApplicationContext.java:216)
	at org.springframework.boot.web.server.servlet.context.ServletWebServerApplicationContext.createWebServer(ServletWebServerApplicationContext.java:188)
	at org.springframework.boot.web.server.servlet.context.ServletWebServerApplicationContext.onRefresh(ServletWebServerApplicationContext.java:164)
	... 11 common frames omitted
Caused by: java.lang.ClassNotFoundException: com.hana8.demo.controller.HelloController
	at java.base/jdk.internal.loader.BuiltinClassLoader.loadClass(BuiltinClassLoader.java:641)
	at java.base/jdk.internal.loader.ClassLoaders$AppClassLoader.loadClass(ClassLoaders.java:188)
	at java.base/java.lang.ClassLoader.loadClass(ClassLoader.java:526)
	at java.base/java.lang.Class.forName0(Native Method)
	at java.base/java.lang.Class.forName(Class.java:536)
	at java.base/java.lang.Class.forName(Class.java:515)
	at org.springframework.boot.devtools.restart.classloader.RestartClassLoader.loadClass(RestartClassLoader.java:123)
	at java.base/java.lang.ClassLoader.loadClass(ClassLoader.java:526)
	at java.base/java.lang.Class.forName0(Native Method)
	at java.base/java.lang.Class.forName(Class.java:536)
	at java.base/java.lang.Class.forName(Class.java:515)
	at org.springframework.util.ClassUtils.forName(ClassUtils.java:302)
	at org.springframework.beans.factory.support.AbstractBeanDefinition.resolveBeanClass(AbstractBeanDefinition.java:489)
	at org.springframework.beans.factory.support.AbstractBeanFactory.doResolveBeanClass(AbstractBeanFactory.java:1638)
	at org.springframework.beans.factory.support.AbstractBeanFactory.resolveBeanClass(AbstractBeanFactory.java:1564)
	... 20 common frames omitted
[2026-02-24 14:27:56:743477][restartedMain] INFO  com.hana8.demo.DemoApplication - Starting DemoApplication using Java 21.0.9 with PID 31388 (C:\mygit\hana8\java\demo\build\classes\java\main started by tiger in C:\mygit\hana8\java\demo)
[2026-02-24 14:27:56:743477][restartedMain] DEBUG com.hana8.demo.DemoApplication - Running with Spring Boot v4.0.3, Spring v7.0.5
[2026-02-24 14:27:56:743477][restartedMain] INFO  com.hana8.demo.DemoApplication - No active profile set, falling back to 1 default profile: "default"
[2026-02-24 14:27:56:743604][restartedMain] WARN  o.s.b.w.s.s.c.AnnotationConfigServletWebServerApplicationContext - Exception encountered during context initialization - cancelling refresh attempt: org.springframework.beans.factory.UnsatisfiedDependencyException: Error creating bean with name 'userController' defined in file [C:\mygit\hana8\java\demo\build\classes\java\main\com\hana8\demo\controller\UserController.class]: Unsatisfied dependency expressed through constructor parameter 0: Error creating bean with name 'userService': Resolution of declared constructors on bean Class [com.hana8.demo.service.UserService] from ClassLoader [org.springframework.boot.devtools.restart.classloader.RestartClassLoader@72c5d9f7] failed
[2026-02-24 14:27:56:743604][restartedMain] WARN  o.s.b.w.s.s.c.AnnotationConfigServletWebServerApplicationContext - Exception encountered during context initialization - cancelling refresh attempt: org.springframework.beans.factory.UnsatisfiedDependencyException: Error creating bean with name 'userController' defined in file [C:\mygit\hana8\java\demo\build\classes\java\main\com\hana8\demo\controller\UserController.class]: Unsatisfied dependency expressed through constructor parameter 0: Error creating bean with name 'userService': Resolution of declared constructors on bean Class [com.hana8.demo.service.UserService] from ClassLoader [org.springframework.boot.devtools.restart.classloader.RestartClassLoader@72c5d9f7] failed
[2026-02-24 14:27:56:743620][restartedMain] ERROR o.s.boot.SpringApplication - Application run failed
org.springframework.beans.factory.UnsatisfiedDependencyException: Error creating bean with name 'userController' defined in file [C:\mygit\hana8\java\demo\build\classes\java\main\com\hana8\demo\controller\UserController.class]: Unsatisfied dependency expressed through constructor parameter 0: Error creating bean with name 'userService': Resolution of declared constructors on bean Class [com.hana8.demo.service.UserService] from ClassLoader [org.springframework.boot.devtools.restart.classloader.RestartClassLoader@72c5d9f7] failed
	at org.springframework.beans.factory.support.ConstructorResolver.createArgumentArray(ConstructorResolver.java:804)
	at org.springframework.beans.factory.support.ConstructorResolver.autowireConstructor(ConstructorResolver.java:240)
	at org.springframework.beans.factory.support.AbstractAutowireCapableBeanFactory.autowireConstructor(AbstractAutowireCapableBeanFactory.java:1382)
	at org.springframework.beans.factory.support.AbstractAutowireCapableBeanFactory.createBeanInstance(AbstractAutowireCapableBeanFactory.java:1221)
	at org.springframework.beans.factory.support.AbstractAutowireCapableBeanFactory.doCreateBean(AbstractAutowireCapableBeanFactory.java:565)
	at org.springframework.beans.factory.support.AbstractAutowireCapableBeanFactory.createBean(AbstractAutowireCapableBeanFactory.java:525)
	at org.springframework.beans.factory.support.AbstractBeanFactory.lambda$doGetBean$0(AbstractBeanFactory.java:333)
	at org.springframework.beans.factory.support.DefaultSingletonBeanRegistry.getSingleton(DefaultSingletonBeanRegistry.java:371)
	at org.springframework.beans.factory.support.AbstractBeanFactory.doGetBean(AbstractBeanFactory.java:331)
	at org.springframework.beans.factory.support.AbstractBeanFactory.getBean(AbstractBeanFactory.java:196)
	at org.springframework.beans.factory.support.DefaultListableBeanFactory.instantiateSingleton(DefaultListableBeanFactory.java:1218)
	at org.springframework.beans.factory.support.DefaultListableBeanFactory.preInstantiateSingleton(DefaultListableBeanFactory.java:1184)
	at org.springframework.beans.factory.support.DefaultListableBeanFactory.preInstantiateSingletons(DefaultListableBeanFactory.java:1121)
	at org.springframework.context.support.AbstractApplicationContext.finishBeanFactoryInitialization(AbstractApplicationContext.java:994)
	at org.springframework.context.support.AbstractApplicationContext.refresh(AbstractApplicationContext.java:621)
	at org.springframework.boot.web.server.servlet.context.ServletWebServerApplicationContext.refresh(ServletWebServerApplicationContext.java:143)
	at org.springframework.boot.SpringApplication.refresh(SpringApplication.java:756)
	at org.springframework.boot.SpringApplication.refreshContext(SpringApplication.java:445)
	at org.springframework.boot.SpringApplication.run(SpringApplication.java:321)
	at org.springframework.boot.SpringApplication.run(SpringApplication.java:1365)
	at org.springframework.boot.SpringApplication.run(SpringApplication.java:1354)
	at com.hana8.demo.DemoApplication.main(DemoApplication.java:10)
	at java.base/jdk.internal.reflect.DirectMethodHandleAccessor.invoke(DirectMethodHandleAccessor.java:103)
	at java.base/java.lang.reflect.Method.invoke(Method.java:580)
	at org.springframework.boot.devtools.restart.RestartLauncher.run(RestartLauncher.java:52)
Caused by: org.springframework.beans.factory.BeanCreationException: Error creating bean with name 'userService': Resolution of declared constructors on bean Class [com.hana8.demo.service.UserService] from ClassLoader [org.springframework.boot.devtools.restart.classloader.RestartClassLoader@72c5d9f7] failed
	at org.springframework.beans.factory.annotation.AutowiredAnnotationBeanPostProcessor.determineCandidateConstructors(AutowiredAnnotationBeanPostProcessor.java:368)
	at org.springframework.beans.factory.support.AbstractAutowireCapableBeanFactory.determineConstructorsFromBeanPostProcessors(AbstractAutowireCapableBeanFactory.java:1321)
	at org.springframework.beans.factory.support.AbstractAutowireCapableBeanFactory.createBeanInstance(AbstractAutowireCapableBeanFactory.java:1218)
	at org.springframework.beans.factory.support.AbstractAutowireCapableBeanFactory.doCreateBean(AbstractAutowireCapableBeanFactory.java:565)
	at org.springframework.beans.factory.support.AbstractAutowireCapableBeanFactory.createBean(AbstractAutowireCapableBeanFactory.java:525)
	at org.springframework.beans.factory.support.AbstractBeanFactory.lambda$doGetBean$0(AbstractBeanFactory.java:333)
	at org.springframework.beans.factory.support.DefaultSingletonBeanRegistry.getSingleton(DefaultSingletonBeanRegistry.java:371)
	at org.springframework.beans.factory.support.AbstractBeanFactory.doGetBean(AbstractBeanFactory.java:331)
	at org.springframework.beans.factory.support.AbstractBeanFactory.getBean(AbstractBeanFactory.java:201)
	at org.springframework.beans.factory.config.DependencyDescriptor.resolveCandidate(DependencyDescriptor.java:229)
	at org.springframework.beans.factory.support.DefaultListableBeanFactory.doResolveDependency(DefaultListableBeanFactory.java:1762)
	at org.springframework.beans.factory.support.DefaultListableBeanFactory.resolveDependency(DefaultListableBeanFactory.java:1651)
	at org.springframework.beans.factory.support.ConstructorResolver.resolveAutowiredArgument(ConstructorResolver.java:912)
	at org.springframework.beans.factory.support.ConstructorResolver.createArgumentArray(ConstructorResolver.java:791)
	... 24 common frames omitted
Caused by: java.lang.NoClassDefFoundError: com/hana8/demo/repository/UserRepository
	at java.base/java.lang.Class.getDeclaredConstructors0(Native Method)
	at java.base/java.lang.Class.privateGetDeclaredConstructors(Class.java:3551)
	at java.base/java.lang.Class.getDeclaredConstructors(Class.java:2729)
	at org.springframework.beans.factory.annotation.AutowiredAnnotationBeanPostProcessor.determineCandidateConstructors(AutowiredAnnotationBeanPostProcessor.java:363)
	... 37 common frames omitted
Caused by: java.lang.ClassNotFoundException: com.hana8.demo.repository.UserRepository
	at java.base/jdk.internal.loader.BuiltinClassLoader.loadClass(BuiltinClassLoader.java:641)
	at java.base/jdk.internal.loader.ClassLoaders$AppClassLoader.loadClass(ClassLoaders.java:188)
	at java.base/java.lang.ClassLoader.loadClass(ClassLoader.java:526)
	at java.base/java.lang.Class.forName0(Native Method)
	at java.base/java.lang.Class.forName(Class.java:536)
	at java.base/java.lang.Class.forName(Class.java:515)
	at org.springframework.boot.devtools.restart.classloader.RestartClassLoader.loadClass(RestartClassLoader.java:123)
	at java.base/java.lang.ClassLoader.loadClass(ClassLoader.java:526)
	... 41 common frames omitted
[2026-02-24 14:27:56:743620][restartedMain] ERROR o.s.boot.SpringApplication - Application run failed
org.springframework.beans.factory.UnsatisfiedDependencyException: Error creating bean with name 'userController' defined in file [C:\mygit\hana8\java\demo\build\classes\java\main\com\hana8\demo\controller\UserController.class]: Unsatisfied dependency expressed through constructor parameter 0: Error creating bean with name 'userService': Resolution of declared constructors on bean Class [com.hana8.demo.service.UserService] from ClassLoader [org.springframework.boot.devtools.restart.classloader.RestartClassLoader@72c5d9f7] failed
	at org.springframework.beans.factory.support.ConstructorResolver.createArgumentArray(ConstructorResolver.java:804)
	at org.springframework.beans.factory.support.ConstructorResolver.autowireConstructor(ConstructorResolver.java:240)
	at org.springframework.beans.factory.support.AbstractAutowireCapableBeanFactory.autowireConstructor(AbstractAutowireCapableBeanFactory.java:1382)
	at org.springframework.beans.factory.support.AbstractAutowireCapableBeanFactory.createBeanInstance(AbstractAutowireCapableBeanFactory.java:1221)
	at org.springframework.beans.factory.support.AbstractAutowireCapableBeanFactory.doCreateBean(AbstractAutowireCapableBeanFactory.java:565)
	at org.springframework.beans.factory.support.AbstractAutowireCapableBeanFactory.createBean(AbstractAutowireCapableBeanFactory.java:525)
	at org.springframework.beans.factory.support.AbstractBeanFactory.lambda$doGetBean$0(AbstractBeanFactory.java:333)
	at org.springframework.beans.factory.support.DefaultSingletonBeanRegistry.getSingleton(DefaultSingletonBeanRegistry.java:371)
	at org.springframework.beans.factory.support.AbstractBeanFactory.doGetBean(AbstractBeanFactory.java:331)
	at org.springframework.beans.factory.support.AbstractBeanFactory.getBean(AbstractBeanFactory.java:196)
	at org.springframework.beans.factory.support.DefaultListableBeanFactory.instantiateSingleton(DefaultListableBeanFactory.java:1218)
	at org.springframework.beans.factory.support.DefaultListableBeanFactory.preInstantiateSingleton(DefaultListableBeanFactory.java:1184)
	at org.springframework.beans.factory.support.DefaultListableBeanFactory.preInstantiateSingletons(DefaultListableBeanFactory.java:1121)
	at org.springframework.context.support.AbstractApplicationContext.finishBeanFactoryInitialization(AbstractApplicationContext.java:994)
	at org.springframework.context.support.AbstractApplicationContext.refresh(AbstractApplicationContext.java:621)
	at org.springframework.boot.web.server.servlet.context.ServletWebServerApplicationContext.refresh(ServletWebServerApplicationContext.java:143)
	at org.springframework.boot.SpringApplication.refresh(SpringApplication.java:756)
	at org.springframework.boot.SpringApplication.refreshContext(SpringApplication.java:445)
	at org.springframework.boot.SpringApplication.run(SpringApplication.java:321)
	at org.springframework.boot.SpringApplication.run(SpringApplication.java:1365)
	at org.springframework.boot.SpringApplication.run(SpringApplication.java:1354)
	at com.hana8.demo.DemoApplication.main(DemoApplication.java:10)
	at java.base/jdk.internal.reflect.DirectMethodHandleAccessor.invoke(DirectMethodHandleAccessor.java:103)
	at java.base/java.lang.reflect.Method.invoke(Method.java:580)
	at org.springframework.boot.devtools.restart.RestartLauncher.run(RestartLauncher.java:52)
Caused by: org.springframework.beans.factory.BeanCreationException: Error creating bean with name 'userService': Resolution of declared constructors on bean Class [com.hana8.demo.service.UserService] from ClassLoader [org.springframework.boot.devtools.restart.classloader.RestartClassLoader@72c5d9f7] failed
	at org.springframework.beans.factory.annotation.AutowiredAnnotationBeanPostProcessor.determineCandidateConstructors(AutowiredAnnotationBeanPostProcessor.java:368)
	at org.springframework.beans.factory.support.AbstractAutowireCapableBeanFactory.determineConstructorsFromBeanPostProcessors(AbstractAutowireCapableBeanFactory.java:1321)
	at org.springframework.beans.factory.support.AbstractAutowireCapableBeanFactory.createBeanInstance(AbstractAutowireCapableBeanFactory.java:1218)
	at org.springframework.beans.factory.support.AbstractAutowireCapableBeanFactory.doCreateBean(AbstractAutowireCapableBeanFactory.java:565)
	at org.springframework.beans.factory.support.AbstractAutowireCapableBeanFactory.createBean(AbstractAutowireCapableBeanFactory.java:525)
	at org.springframework.beans.factory.support.AbstractBeanFactory.lambda$doGetBean$0(AbstractBeanFactory.java:333)
	at org.springframework.beans.factory.support.DefaultSingletonBeanRegistry.getSingleton(DefaultSingletonBeanRegistry.java:371)
	at org.springframework.beans.factory.support.AbstractBeanFactory.doGetBean(AbstractBeanFactory.java:331)
	at org.springframework.beans.factory.support.AbstractBeanFactory.getBean(AbstractBeanFactory.java:201)
	at org.springframework.beans.factory.config.DependencyDescriptor.resolveCandidate(DependencyDescriptor.java:229)
	at org.springframework.beans.factory.support.DefaultListableBeanFactory.doResolveDependency(DefaultListableBeanFactory.java:1762)
	at org.springframework.beans.factory.support.DefaultListableBeanFactory.resolveDependency(DefaultListableBeanFactory.java:1651)
	at org.springframework.beans.factory.support.ConstructorResolver.resolveAutowiredArgument(ConstructorResolver.java:912)
	at org.springframework.beans.factory.support.ConstructorResolver.createArgumentArray(ConstructorResolver.java:791)
	... 24 common frames omitted
Caused by: java.lang.NoClassDefFoundError: com/hana8/demo/repository/UserRepository
	at java.base/java.lang.Class.getDeclaredConstructors0(Native Method)
	at java.base/java.lang.Class.privateGetDeclaredConstructors(Class.java:3551)
	at java.base/java.lang.Class.getDeclaredConstructors(Class.java:2729)
	at org.springframework.beans.factory.annotation.AutowiredAnnotationBeanPostProcessor.determineCandidateConstructors(AutowiredAnnotationBeanPostProcessor.java:363)
	... 37 common frames omitted
Caused by: java.lang.ClassNotFoundException: com.hana8.demo.repository.UserRepository
	at java.base/jdk.internal.loader.BuiltinClassLoader.loadClass(BuiltinClassLoader.java:641)
	at java.base/jdk.internal.loader.ClassLoaders$AppClassLoader.loadClass(ClassLoaders.java:188)
	at java.base/java.lang.ClassLoader.loadClass(ClassLoader.java:526)
	at java.base/java.lang.Class.forName0(Native Method)
	at java.base/java.lang.Class.forName(Class.java:536)
	at java.base/java.lang.Class.forName(Class.java:515)
	at org.springframework.boot.devtools.restart.classloader.RestartClassLoader.loadClass(RestartClassLoader.java:123)
	at java.base/java.lang.ClassLoader.loadClass(ClassLoader.java:526)
	... 41 common frames omitted
[2026-02-24 14:28:01:749165][restartedMain] INFO  com.hana8.demo.DemoApplication - Starting DemoApplication using Java 21.0.9 with PID 31388 (C:\mygit\hana8\java\demo\build\classes\java\main started by tiger in C:\mygit\hana8\java\demo)
[2026-02-24 14:28:01:749165][restartedMain] DEBUG com.hana8.demo.DemoApplication - Running with Spring Boot v4.0.3, Spring v7.0.5
[2026-02-24 14:28:01:749165][restartedMain] INFO  com.hana8.demo.DemoApplication - No active profile set, falling back to 1 default profile: "default"
[2026-02-24 14:28:01:749277][restartedMain] WARN  o.s.b.w.s.s.c.AnnotationConfigServletWebServerApplicationContext - Exception encountered during context initialization - cancelling refresh attempt: org.springframework.beans.factory.BeanCreationException: Error creating bean with name 'userController': Resolution of declared constructors on bean Class [com.hana8.demo.controller.UserController] from ClassLoader [org.springframework.boot.devtools.restart.classloader.RestartClassLoader@7870d8a1] failed
[2026-02-24 14:28:01:749277][restartedMain] WARN  o.s.b.w.s.s.c.AnnotationConfigServletWebServerApplicationContext - Exception encountered during context initialization - cancelling refresh attempt: org.springframework.beans.factory.BeanCreationException: Error creating bean with name 'userController': Resolution of declared constructors on bean Class [com.hana8.demo.controller.UserController] from ClassLoader [org.springframework.boot.devtools.restart.classloader.RestartClassLoader@7870d8a1] failed
[2026-02-24 14:28:01:749280][restartedMain] ERROR o.s.boot.SpringApplication - Application run failed
org.springframework.beans.factory.BeanCreationException: Error creating bean with name 'userController': Resolution of declared constructors on bean Class [com.hana8.demo.controller.UserController] from ClassLoader [org.springframework.boot.devtools.restart.classloader.RestartClassLoader@7870d8a1] failed
	at org.springframework.beans.factory.annotation.AutowiredAnnotationBeanPostProcessor.determineCandidateConstructors(AutowiredAnnotationBeanPostProcessor.java:368)
	at org.springframework.beans.factory.support.AbstractAutowireCapableBeanFactory.determineConstructorsFromBeanPostProcessors(AbstractAutowireCapableBeanFactory.java:1321)
	at org.springframework.beans.factory.support.AbstractAutowireCapableBeanFactory.createBeanInstance(AbstractAutowireCapableBeanFactory.java:1218)
	at org.springframework.beans.factory.support.AbstractAutowireCapableBeanFactory.doCreateBean(AbstractAutowireCapableBeanFactory.java:565)
	at org.springframework.beans.factory.support.AbstractAutowireCapableBeanFactory.createBean(AbstractAutowireCapableBeanFactory.java:525)
	at org.springframework.beans.factory.support.AbstractBeanFactory.lambda$doGetBean$0(AbstractBeanFactory.java:333)
	at org.springframework.beans.factory.support.DefaultSingletonBeanRegistry.getSingleton(DefaultSingletonBeanRegistry.java:371)
	at org.springframework.beans.factory.support.AbstractBeanFactory.doGetBean(AbstractBeanFactory.java:331)
	at org.springframework.beans.factory.support.AbstractBeanFactory.getBean(AbstractBeanFactory.java:196)
	at org.springframework.beans.factory.support.DefaultListableBeanFactory.instantiateSingleton(DefaultListableBeanFactory.java:1218)
	at org.springframework.beans.factory.support.DefaultListableBeanFactory.preInstantiateSingleton(DefaultListableBeanFactory.java:1184)
	at org.springframework.beans.factory.support.DefaultListableBeanFactory.preInstantiateSingletons(DefaultListableBeanFactory.java:1121)
	at org.springframework.context.support.AbstractApplicationContext.finishBeanFactoryInitialization(AbstractApplicationContext.java:994)
	at org.springframework.context.support.AbstractApplicationContext.refresh(AbstractApplicationContext.java:621)
	at org.springframework.boot.web.server.servlet.context.ServletWebServerApplicationContext.refresh(ServletWebServerApplicationContext.java:143)
	at org.springframework.boot.SpringApplication.refresh(SpringApplication.java:756)
	at org.springframework.boot.SpringApplication.refreshContext(SpringApplication.java:445)
	at org.springframework.boot.SpringApplication.run(SpringApplication.java:321)
	at org.springframework.boot.SpringApplication.run(SpringApplication.java:1365)
	at org.springframework.boot.SpringApplication.run(SpringApplication.java:1354)
	at com.hana8.demo.DemoApplication.main(DemoApplication.java:10)
	at java.base/jdk.internal.reflect.DirectMethodHandleAccessor.invoke(DirectMethodHandleAccessor.java:103)
	at java.base/java.lang.reflect.Method.invoke(Method.java:580)
	at org.springframework.boot.devtools.restart.RestartLauncher.run(RestartLauncher.java:52)
Caused by: java.lang.NoClassDefFoundError: com/hana8/demo/service/UserService
	at java.base/java.lang.Class.getDeclaredConstructors0(Native Method)
	at java.base/java.lang.Class.privateGetDeclaredConstructors(Class.java:3551)
	at java.base/java.lang.Class.getDeclaredConstructors(Class.java:2729)
	at org.springframework.beans.factory.annotation.AutowiredAnnotationBeanPostProcessor.determineCandidateConstructors(AutowiredAnnotationBeanPostProcessor.java:363)
	... 23 common frames omitted
Caused by: java.lang.ClassNotFoundException: com.hana8.demo.service.UserService
	at java.base/jdk.internal.loader.BuiltinClassLoader.loadClass(BuiltinClassLoader.java:641)
	at java.base/jdk.internal.loader.ClassLoaders$AppClassLoader.loadClass(ClassLoaders.java:188)
	at java.base/java.lang.ClassLoader.loadClass(ClassLoader.java:526)
	at java.base/java.lang.Class.forName0(Native Method)
	at java.base/java.lang.Class.forName(Class.java:536)
	at java.base/java.lang.Class.forName(Class.java:515)
	at org.springframework.boot.devtools.restart.classloader.RestartClassLoader.loadClass(RestartClassLoader.java:123)
	at java.base/java.lang.ClassLoader.loadClass(ClassLoader.java:526)
	... 27 common frames omitted
[2026-02-24 14:28:01:749280][restartedMain] ERROR o.s.boot.SpringApplication - Application run failed
org.springframework.beans.factory.BeanCreationException: Error creating bean with name 'userController': Resolution of declared constructors on bean Class [com.hana8.demo.controller.UserController] from ClassLoader [org.springframework.boot.devtools.restart.classloader.RestartClassLoader@7870d8a1] failed
	at org.springframework.beans.factory.annotation.AutowiredAnnotationBeanPostProcessor.determineCandidateConstructors(AutowiredAnnotationBeanPostProcessor.java:368)
	at org.springframework.beans.factory.support.AbstractAutowireCapableBeanFactory.determineConstructorsFromBeanPostProcessors(AbstractAutowireCapableBeanFactory.java:1321)
	at org.springframework.beans.factory.support.AbstractAutowireCapableBeanFactory.createBeanInstance(AbstractAutowireCapableBeanFactory.java:1218)
	at org.springframework.beans.factory.support.AbstractAutowireCapableBeanFactory.doCreateBean(AbstractAutowireCapableBeanFactory.java:565)
	at org.springframework.beans.factory.support.AbstractAutowireCapableBeanFactory.createBean(AbstractAutowireCapableBeanFactory.java:525)
	at org.springframework.beans.factory.support.AbstractBeanFactory.lambda$doGetBean$0(AbstractBeanFactory.java:333)
	at org.springframework.beans.factory.support.DefaultSingletonBeanRegistry.getSingleton(DefaultSingletonBeanRegistry.java:371)
	at org.springframework.beans.factory.support.AbstractBeanFactory.doGetBean(AbstractBeanFactory.java:331)
	at org.springframework.beans.factory.support.AbstractBeanFactory.getBean(AbstractBeanFactory.java:196)
	at org.springframework.beans.factory.support.DefaultListableBeanFactory.instantiateSingleton(DefaultListableBeanFactory.java:1218)
	at org.springframework.beans.factory.support.DefaultListableBeanFactory.preInstantiateSingleton(DefaultListableBeanFactory.java:1184)
	at org.springframework.beans.factory.support.DefaultListableBeanFactory.preInstantiateSingletons(DefaultListableBeanFactory.java:1121)
	at org.springframework.context.support.AbstractApplicationContext.finishBeanFactoryInitialization(AbstractApplicationContext.java:994)
	at org.springframework.context.support.AbstractApplicationContext.refresh(AbstractApplicationContext.java:621)
	at org.springframework.boot.web.server.servlet.context.ServletWebServerApplicationContext.refresh(ServletWebServerApplicationContext.java:143)
	at org.springframework.boot.SpringApplication.refresh(SpringApplication.java:756)
	at org.springframework.boot.SpringApplication.refreshContext(SpringApplication.java:445)
	at org.springframework.boot.SpringApplication.run(SpringApplication.java:321)
	at org.springframework.boot.SpringApplication.run(SpringApplication.java:1365)
	at org.springframework.boot.SpringApplication.run(SpringApplication.java:1354)
	at com.hana8.demo.DemoApplication.main(DemoApplication.java:10)
	at java.base/jdk.internal.reflect.DirectMethodHandleAccessor.invoke(DirectMethodHandleAccessor.java:103)
	at java.base/java.lang.reflect.Method.invoke(Method.java:580)
	at org.springframework.boot.devtools.restart.RestartLauncher.run(RestartLauncher.java:52)
Caused by: java.lang.NoClassDefFoundError: com/hana8/demo/service/UserService
	at java.base/java.lang.Class.getDeclaredConstructors0(Native Method)
	at java.base/java.lang.Class.privateGetDeclaredConstructors(Class.java:3551)
	at java.base/java.lang.Class.getDeclaredConstructors(Class.java:2729)
	at org.springframework.beans.factory.annotation.AutowiredAnnotationBeanPostProcessor.determineCandidateConstructors(AutowiredAnnotationBeanPostProcessor.java:363)
	... 23 common frames omitted
Caused by: java.lang.ClassNotFoundException: com.hana8.demo.service.UserService
	at java.base/jdk.internal.loader.BuiltinClassLoader.loadClass(BuiltinClassLoader.java:641)
	at java.base/jdk.internal.loader.ClassLoaders$AppClassLoader.loadClass(ClassLoaders.java:188)
	at java.base/java.lang.ClassLoader.loadClass(ClassLoader.java:526)
	at java.base/java.lang.Class.forName0(Native Method)
	at java.base/java.lang.Class.forName(Class.java:536)
	at java.base/java.lang.Class.forName(Class.java:515)
	at org.springframework.boot.devtools.restart.classloader.RestartClassLoader.loadClass(RestartClassLoader.java:123)
	at java.base/java.lang.ClassLoader.loadClass(ClassLoader.java:526)
	... 27 common frames omitted
[2026-02-24 14:28:03:750738][restartedMain] INFO  com.hana8.demo.DemoApplication - Starting DemoApplication using Java 21.0.9 with PID 31388 (C:\mygit\hana8\java\demo\build\classes\java\main started by tiger in C:\mygit\hana8\java\demo)
[2026-02-24 14:28:03:750747][restartedMain] DEBUG com.hana8.demo.DemoApplication - Running with Spring Boot v4.0.3, Spring v7.0.5
[2026-02-24 14:28:03:750747][restartedMain] INFO  com.hana8.demo.DemoApplication - No active profile set, falling back to 1 default profile: "default"
[2026-02-24 14:28:03:750874][restartedMain] WARN  o.s.b.w.s.s.c.AnnotationConfigServletWebServerApplicationContext - Exception encountered during context initialization - cancelling refresh attempt: org.springframework.beans.factory.UnsatisfiedDependencyException: Error creating bean with name 'userController' defined in file [C:\mygit\hana8\java\demo\build\classes\java\main\com\hana8\demo\controller\UserController.class]: Unsatisfied dependency expressed through constructor parameter 0: Error creating bean with name 'userService': Resolution of declared constructors on bean Class [com.hana8.demo.service.UserService] from ClassLoader [org.springframework.boot.devtools.restart.classloader.RestartClassLoader@32c6378b] failed
[2026-02-24 14:28:03:750874][restartedMain] WARN  o.s.b.w.s.s.c.AnnotationConfigServletWebServerApplicationContext - Exception encountered during context initialization - cancelling refresh attempt: org.springframework.beans.factory.UnsatisfiedDependencyException: Error creating bean with name 'userController' defined in file [C:\mygit\hana8\java\demo\build\classes\java\main\com\hana8\demo\controller\UserController.class]: Unsatisfied dependency expressed through constructor parameter 0: Error creating bean with name 'userService': Resolution of declared constructors on bean Class [com.hana8.demo.service.UserService] from ClassLoader [org.springframework.boot.devtools.restart.classloader.RestartClassLoader@32c6378b] failed
[2026-02-24 14:28:03:750874][restartedMain] ERROR o.s.boot.SpringApplication - Application run failed
org.springframework.beans.factory.UnsatisfiedDependencyException: Error creating bean with name 'userController' defined in file [C:\mygit\hana8\java\demo\build\classes\java\main\com\hana8\demo\controller\UserController.class]: Unsatisfied dependency expressed through constructor parameter 0: Error creating bean with name 'userService': Resolution of declared constructors on bean Class [com.hana8.demo.service.UserService] from ClassLoader [org.springframework.boot.devtools.restart.classloader.RestartClassLoader@32c6378b] failed
	at org.springframework.beans.factory.support.ConstructorResolver.createArgumentArray(ConstructorResolver.java:804)
	at org.springframework.beans.factory.support.ConstructorResolver.autowireConstructor(ConstructorResolver.java:240)
	at org.springframework.beans.factory.support.AbstractAutowireCapableBeanFactory.autowireConstructor(AbstractAutowireCapableBeanFactory.java:1382)
	at org.springframework.beans.factory.support.AbstractAutowireCapableBeanFactory.createBeanInstance(AbstractAutowireCapableBeanFactory.java:1221)
	at org.springframework.beans.factory.support.AbstractAutowireCapableBeanFactory.doCreateBean(AbstractAutowireCapableBeanFactory.java:565)
	at org.springframework.beans.factory.support.AbstractAutowireCapableBeanFactory.createBean(AbstractAutowireCapableBeanFactory.java:525)
	at org.springframework.beans.factory.support.AbstractBeanFactory.lambda$doGetBean$0(AbstractBeanFactory.java:333)
	at org.springframework.beans.factory.support.DefaultSingletonBeanRegistry.getSingleton(DefaultSingletonBeanRegistry.java:371)
	at org.springframework.beans.factory.support.AbstractBeanFactory.doGetBean(AbstractBeanFactory.java:331)
	at org.springframework.beans.factory.support.AbstractBeanFactory.getBean(AbstractBeanFactory.java:196)
	at org.springframework.beans.factory.support.DefaultListableBeanFactory.instantiateSingleton(DefaultListableBeanFactory.java:1218)
	at org.springframework.beans.factory.support.DefaultListableBeanFactory.preInstantiateSingleton(DefaultListableBeanFactory.java:1184)
	at org.springframework.beans.factory.support.DefaultListableBeanFactory.preInstantiateSingletons(DefaultListableBeanFactory.java:1121)
	at org.springframework.context.support.AbstractApplicationContext.finishBeanFactoryInitialization(AbstractApplicationContext.java:994)
	at org.springframework.context.support.AbstractApplicationContext.refresh(AbstractApplicationContext.java:621)
	at org.springframework.boot.web.server.servlet.context.ServletWebServerApplicationContext.refresh(ServletWebServerApplicationContext.java:143)
	at org.springframework.boot.SpringApplication.refresh(SpringApplication.java:756)
	at org.springframework.boot.SpringApplication.refreshContext(SpringApplication.java:445)
	at org.springframework.boot.SpringApplication.run(SpringApplication.java:321)
	at org.springframework.boot.SpringApplication.run(SpringApplication.java:1365)
	at org.springframework.boot.SpringApplication.run(SpringApplication.java:1354)
	at com.hana8.demo.DemoApplication.main(DemoApplication.java:10)
	at java.base/jdk.internal.reflect.DirectMethodHandleAccessor.invoke(DirectMethodHandleAccessor.java:103)
	at java.base/java.lang.reflect.Method.invoke(Method.java:580)
	at org.springframework.boot.devtools.restart.RestartLauncher.run(RestartLauncher.java:52)
Caused by: org.springframework.beans.factory.BeanCreationException: Error creating bean with name 'userService': Resolution of declared constructors on bean Class [com.hana8.demo.service.UserService] from ClassLoader [org.springframework.boot.devtools.restart.classloader.RestartClassLoader@32c6378b] failed
	at org.springframework.beans.factory.annotation.AutowiredAnnotationBeanPostProcessor.determineCandidateConstructors(AutowiredAnnotationBeanPostProcessor.java:368)
	at org.springframework.beans.factory.support.AbstractAutowireCapableBeanFactory.determineConstructorsFromBeanPostProcessors(AbstractAutowireCapableBeanFactory.java:1321)
	at org.springframework.beans.factory.support.AbstractAutowireCapableBeanFactory.createBeanInstance(AbstractAutowireCapableBeanFactory.java:1218)
	at org.springframework.beans.factory.support.AbstractAutowireCapableBeanFactory.doCreateBean(AbstractAutowireCapableBeanFactory.java:565)
	at org.springframework.beans.factory.support.AbstractAutowireCapableBeanFactory.createBean(AbstractAutowireCapableBeanFactory.java:525)
	at org.springframework.beans.factory.support.AbstractBeanFactory.lambda$doGetBean$0(AbstractBeanFactory.java:333)
	at org.springframework.beans.factory.support.DefaultSingletonBeanRegistry.getSingleton(DefaultSingletonBeanRegistry.java:371)
	at org.springframework.beans.factory.support.AbstractBeanFactory.doGetBean(AbstractBeanFactory.java:331)
	at org.springframework.beans.factory.support.AbstractBeanFactory.getBean(AbstractBeanFactory.java:201)
	at org.springframework.beans.factory.config.DependencyDescriptor.resolveCandidate(DependencyDescriptor.java:229)
	at org.springframework.beans.factory.support.DefaultListableBeanFactory.doResolveDependency(DefaultListableBeanFactory.java:1762)
	at org.springframework.beans.factory.support.DefaultListableBeanFactory.resolveDependency(DefaultListableBeanFactory.java:1651)
	at org.springframework.beans.factory.support.ConstructorResolver.resolveAutowiredArgument(ConstructorResolver.java:912)
	at org.springframework.beans.factory.support.ConstructorResolver.createArgumentArray(ConstructorResolver.java:791)
	... 24 common frames omitted
Caused by: java.lang.NoClassDefFoundError: com/hana8/demo/repository/UserRepository
	at java.base/java.lang.Class.getDeclaredConstructors0(Native Method)
	at java.base/java.lang.Class.privateGetDeclaredConstructors(Class.java:3551)
	at java.base/java.lang.Class.getDeclaredConstructors(Class.java:2729)
	at org.springframework.beans.factory.annotation.AutowiredAnnotationBeanPostProcessor.determineCandidateConstructors(AutowiredAnnotationBeanPostProcessor.java:363)
	... 37 common frames omitted
Caused by: java.lang.ClassNotFoundException: com.hana8.demo.repository.UserRepository
	at java.base/jdk.internal.loader.BuiltinClassLoader.loadClass(BuiltinClassLoader.java:641)
	at java.base/jdk.internal.loader.ClassLoaders$AppClassLoader.loadClass(ClassLoaders.java:188)
	at java.base/java.lang.ClassLoader.loadClass(ClassLoader.java:526)
	at java.base/java.lang.Class.forName0(Native Method)
	at java.base/java.lang.Class.forName(Class.java:536)
	at java.base/java.lang.Class.forName(Class.java:515)
	at org.springframework.boot.devtools.restart.classloader.RestartClassLoader.loadClass(RestartClassLoader.java:123)
	at java.base/java.lang.ClassLoader.loadClass(ClassLoader.java:526)
	... 41 common frames omitted
[2026-02-24 14:28:03:750874][restartedMain] ERROR o.s.boot.SpringApplication - Application run failed
org.springframework.beans.factory.UnsatisfiedDependencyException: Error creating bean with name 'userController' defined in file [C:\mygit\hana8\java\demo\build\classes\java\main\com\hana8\demo\controller\UserController.class]: Unsatisfied dependency expressed through constructor parameter 0: Error creating bean with name 'userService': Resolution of declared constructors on bean Class [com.hana8.demo.service.UserService] from ClassLoader [org.springframework.boot.devtools.restart.classloader.RestartClassLoader@32c6378b] failed
	at org.springframework.beans.factory.support.ConstructorResolver.createArgumentArray(ConstructorResolver.java:804)
	at org.springframework.beans.factory.support.ConstructorResolver.autowireConstructor(ConstructorResolver.java:240)
	at org.springframework.beans.factory.support.AbstractAutowireCapableBeanFactory.autowireConstructor(AbstractAutowireCapableBeanFactory.java:1382)
	at org.springframework.beans.factory.support.AbstractAutowireCapableBeanFactory.createBeanInstance(AbstractAutowireCapableBeanFactory.java:1221)
	at org.springframework.beans.factory.support.AbstractAutowireCapableBeanFactory.doCreateBean(AbstractAutowireCapableBeanFactory.java:565)
	at org.springframework.beans.factory.support.AbstractAutowireCapableBeanFactory.createBean(AbstractAutowireCapableBeanFactory.java:525)
	at org.springframework.beans.factory.support.AbstractBeanFactory.lambda$doGetBean$0(AbstractBeanFactory.java:333)
	at org.springframework.beans.factory.support.DefaultSingletonBeanRegistry.getSingleton(DefaultSingletonBeanRegistry.java:371)
	at org.springframework.beans.factory.support.AbstractBeanFactory.doGetBean(AbstractBeanFactory.java:331)
	at org.springframework.beans.factory.support.AbstractBeanFactory.getBean(AbstractBeanFactory.java:196)
	at org.springframework.beans.factory.support.DefaultListableBeanFactory.instantiateSingleton(DefaultListableBeanFactory.java:1218)
	at org.springframework.beans.factory.support.DefaultListableBeanFactory.preInstantiateSingleton(DefaultListableBeanFactory.java:1184)
	at org.springframework.beans.factory.support.DefaultListableBeanFactory.preInstantiateSingletons(DefaultListableBeanFactory.java:1121)
	at org.springframework.context.support.AbstractApplicationContext.finishBeanFactoryInitialization(AbstractApplicationContext.java:994)
	at org.springframework.context.support.AbstractApplicationContext.refresh(AbstractApplicationContext.java:621)
	at org.springframework.boot.web.server.servlet.context.ServletWebServerApplicationContext.refresh(ServletWebServerApplicationContext.java:143)
	at org.springframework.boot.SpringApplication.refresh(SpringApplication.java:756)
	at org.springframework.boot.SpringApplication.refreshContext(SpringApplication.java:445)
	at org.springframework.boot.SpringApplication.run(SpringApplication.java:321)
	at org.springframework.boot.SpringApplication.run(SpringApplication.java:1365)
	at org.springframework.boot.SpringApplication.run(SpringApplication.java:1354)
	at com.hana8.demo.DemoApplication.main(DemoApplication.java:10)
	at java.base/jdk.internal.reflect.DirectMethodHandleAccessor.invoke(DirectMethodHandleAccessor.java:103)
	at java.base/java.lang.reflect.Method.invoke(Method.java:580)
	at org.springframework.boot.devtools.restart.RestartLauncher.run(RestartLauncher.java:52)
Caused by: org.springframework.beans.factory.BeanCreationException: Error creating bean with name 'userService': Resolution of declared constructors on bean Class [com.hana8.demo.service.UserService] from ClassLoader [org.springframework.boot.devtools.restart.classloader.RestartClassLoader@32c6378b] failed
	at org.springframework.beans.factory.annotation.AutowiredAnnotationBeanPostProcessor.determineCandidateConstructors(AutowiredAnnotationBeanPostProcessor.java:368)
	at org.springframework.beans.factory.support.AbstractAutowireCapableBeanFactory.determineConstructorsFromBeanPostProcessors(AbstractAutowireCapableBeanFactory.java:1321)
	at org.springframework.beans.factory.support.AbstractAutowireCapableBeanFactory.createBeanInstance(AbstractAutowireCapableBeanFactory.java:1218)
	at org.springframework.beans.factory.support.AbstractAutowireCapableBeanFactory.doCreateBean(AbstractAutowireCapableBeanFactory.java:565)
	at org.springframework.beans.factory.support.AbstractAutowireCapableBeanFactory.createBean(AbstractAutowireCapableBeanFactory.java:525)
	at org.springframework.beans.factory.support.AbstractBeanFactory.lambda$doGetBean$0(AbstractBeanFactory.java:333)
	at org.springframework.beans.factory.support.DefaultSingletonBeanRegistry.getSingleton(DefaultSingletonBeanRegistry.java:371)
	at org.springframework.beans.factory.support.AbstractBeanFactory.doGetBean(AbstractBeanFactory.java:331)
	at org.springframework.beans.factory.support.AbstractBeanFactory.getBean(AbstractBeanFactory.java:201)
	at org.springframework.beans.factory.config.DependencyDescriptor.resolveCandidate(DependencyDescriptor.java:229)
	at org.springframework.beans.factory.support.DefaultListableBeanFactory.doResolveDependency(DefaultListableBeanFactory.java:1762)
	at org.springframework.beans.factory.support.DefaultListableBeanFactory.resolveDependency(DefaultListableBeanFactory.java:1651)
	at org.springframework.beans.factory.support.ConstructorResolver.resolveAutowiredArgument(ConstructorResolver.java:912)
	at org.springframework.beans.factory.support.ConstructorResolver.createArgumentArray(ConstructorResolver.java:791)
	... 24 common frames omitted
Caused by: java.lang.NoClassDefFoundError: com/hana8/demo/repository/UserRepository
	at java.base/java.lang.Class.getDeclaredConstructors0(Native Method)
	at java.base/java.lang.Class.privateGetDeclaredConstructors(Class.java:3551)
	at java.base/java.lang.Class.getDeclaredConstructors(Class.java:2729)
	at org.springframework.beans.factory.annotation.AutowiredAnnotationBeanPostProcessor.determineCandidateConstructors(AutowiredAnnotationBeanPostProcessor.java:363)
	... 37 common frames omitted
Caused by: java.lang.ClassNotFoundException: com.hana8.demo.repository.UserRepository
	at java.base/jdk.internal.loader.BuiltinClassLoader.loadClass(BuiltinClassLoader.java:641)
	at java.base/jdk.internal.loader.ClassLoaders$AppClassLoader.loadClass(ClassLoaders.java:188)
	at java.base/java.lang.ClassLoader.loadClass(ClassLoader.java:526)
	at java.base/java.lang.Class.forName0(Native Method)
	at java.base/java.lang.Class.forName(Class.java:536)
	at java.base/java.lang.Class.forName(Class.java:515)
	at org.springframework.boot.devtools.restart.classloader.RestartClassLoader.loadClass(RestartClassLoader.java:123)
	at java.base/java.lang.ClassLoader.loadClass(ClassLoader.java:526)
	... 41 common frames omitted
[2026-02-24 14:31:42:970224][restartedMain] INFO  com.hana8.demo.DemoApplication - Starting DemoApplication using Java 21.0.9 with PID 31388 (C:\mygit\hana8\java\demo\build\classes\java\main started by tiger in C:\mygit\hana8\java\demo)
[2026-02-24 14:31:42:970224][restartedMain] DEBUG com.hana8.demo.DemoApplication - Running with Spring Boot v4.0.3, Spring v7.0.5
[2026-02-24 14:31:42:970224][restartedMain] INFO  com.hana8.demo.DemoApplication - No active profile set, falling back to 1 default profile: "default"
[2026-02-24 14:31:43:970416][restartedMain] INFO  com.hana8.demo.DemoApplication - Started DemoApplication in 0.225 seconds (process running for 970.845)
[2026-02-24 14:31:44:971911][restartedMain] INFO  com.hana8.demo.DemoApplication - Starting DemoApplication using Java 21.0.9 with PID 31388 (C:\mygit\hana8\java\demo\build\classes\java\main started by tiger in C:\mygit\hana8\java\demo)
[2026-02-24 14:31:44:971911][restartedMain] DEBUG com.hana8.demo.DemoApplication - Running with Spring Boot v4.0.3, Spring v7.0.5
[2026-02-24 14:31:44:971911][restartedMain] INFO  com.hana8.demo.DemoApplication - No active profile set, falling back to 1 default profile: "default"
[2026-02-24 14:31:44:972075][restartedMain] INFO  com.hana8.demo.DemoApplication - Started DemoApplication in 0.203 seconds (process running for 972.506)
[2026-02-24 14:31:51:978687][restartedMain] INFO  com.hana8.demo.DemoApplication - Starting DemoApplication using Java 21.0.9 with PID 31388 (C:\mygit\hana8\java\demo\build\classes\java\main started by tiger in C:\mygit\hana8\java\demo)
[2026-02-24 14:31:51:978687][restartedMain] DEBUG com.hana8.demo.DemoApplication - Running with Spring Boot v4.0.3, Spring v7.0.5
[2026-02-24 14:31:51:978687][restartedMain] INFO  com.hana8.demo.DemoApplication - No active profile set, falling back to 1 default profile: "default"
[2026-02-24 14:31:51:978838][restartedMain] WARN  o.s.b.w.s.s.c.AnnotationConfigServletWebServerApplicationContext - Exception encountered during context initialization - cancelling refresh attempt: org.springframework.beans.factory.BeanCreationException: Error creating bean with name 'userService': Resolution of declared constructors on bean Class [com.hana8.demo.service.UserService] from ClassLoader [org.springframework.boot.devtools.restart.classloader.RestartClassLoader@64685c3e] failed
[2026-02-24 14:31:51:978838][restartedMain] WARN  o.s.b.w.s.s.c.AnnotationConfigServletWebServerApplicationContext - Exception encountered during context initialization - cancelling refresh attempt: org.springframework.beans.factory.BeanCreationException: Error creating bean with name 'userService': Resolution of declared constructors on bean Class [com.hana8.demo.service.UserService] from ClassLoader [org.springframework.boot.devtools.restart.classloader.RestartClassLoader@64685c3e] failed
[2026-02-24 14:31:51:978849][restartedMain] ERROR o.s.boot.SpringApplication - Application run failed
org.springframework.beans.factory.BeanCreationException: Error creating bean with name 'userService': Resolution of declared constructors on bean Class [com.hana8.demo.service.UserService] from ClassLoader [org.springframework.boot.devtools.restart.classloader.RestartClassLoader@64685c3e] failed
	at org.springframework.beans.factory.annotation.AutowiredAnnotationBeanPostProcessor.determineCandidateConstructors(AutowiredAnnotationBeanPostProcessor.java:368)
	at org.springframework.beans.factory.support.AbstractAutowireCapableBeanFactory.determineConstructorsFromBeanPostProcessors(AbstractAutowireCapableBeanFactory.java:1321)
	at org.springframework.beans.factory.support.AbstractAutowireCapableBeanFactory.createBeanInstance(AbstractAutowireCapableBeanFactory.java:1218)
	at org.springframework.beans.factory.support.AbstractAutowireCapableBeanFactory.doCreateBean(AbstractAutowireCapableBeanFactory.java:565)
	at org.springframework.beans.factory.support.AbstractAutowireCapableBeanFactory.createBean(AbstractAutowireCapableBeanFactory.java:525)
	at org.springframework.beans.factory.support.AbstractBeanFactory.lambda$doGetBean$0(AbstractBeanFactory.java:333)
	at org.springframework.beans.factory.support.DefaultSingletonBeanRegistry.getSingleton(DefaultSingletonBeanRegistry.java:371)
	at org.springframework.beans.factory.support.AbstractBeanFactory.doGetBean(AbstractBeanFactory.java:331)
	at org.springframework.beans.factory.support.AbstractBeanFactory.getBean(AbstractBeanFactory.java:196)
	at org.springframework.beans.factory.support.DefaultListableBeanFactory.instantiateSingleton(DefaultListableBeanFactory.java:1218)
	at org.springframework.beans.factory.support.DefaultListableBeanFactory.preInstantiateSingleton(DefaultListableBeanFactory.java:1184)
	at org.springframework.beans.factory.support.DefaultListableBeanFactory.preInstantiateSingletons(DefaultListableBeanFactory.java:1121)
	at org.springframework.context.support.AbstractApplicationContext.finishBeanFactoryInitialization(AbstractApplicationContext.java:994)
	at org.springframework.context.support.AbstractApplicationContext.refresh(AbstractApplicationContext.java:621)
	at org.springframework.boot.web.server.servlet.context.ServletWebServerApplicationContext.refresh(ServletWebServerApplicationContext.java:143)
	at org.springframework.boot.SpringApplication.refresh(SpringApplication.java:756)
	at org.springframework.boot.SpringApplication.refreshContext(SpringApplication.java:445)
	at org.springframework.boot.SpringApplication.run(SpringApplication.java:321)
	at org.springframework.boot.SpringApplication.run(SpringApplication.java:1365)
	at org.springframework.boot.SpringApplication.run(SpringApplication.java:1354)
	at com.hana8.demo.DemoApplication.main(DemoApplication.java:10)
	at java.base/jdk.internal.reflect.DirectMethodHandleAccessor.invoke(DirectMethodHandleAccessor.java:103)
	at java.base/java.lang.reflect.Method.invoke(Method.java:580)
	at org.springframework.boot.devtools.restart.RestartLauncher.run(RestartLauncher.java:52)
Caused by: java.lang.NoClassDefFoundError: com/hana8/demo/repository/UserRepository
	at java.base/java.lang.Class.getDeclaredConstructors0(Native Method)
	at java.base/java.lang.Class.privateGetDeclaredConstructors(Class.java:3551)
	at java.base/java.lang.Class.getDeclaredConstructors(Class.java:2729)
	at org.springframework.beans.factory.annotation.AutowiredAnnotationBeanPostProcessor.determineCandidateConstructors(AutowiredAnnotationBeanPostProcessor.java:363)
	... 23 common frames omitted
Caused by: java.lang.ClassNotFoundException: com.hana8.demo.repository.UserRepository
	at java.base/jdk.internal.loader.BuiltinClassLoader.loadClass(BuiltinClassLoader.java:641)
	at java.base/jdk.internal.loader.ClassLoaders$AppClassLoader.loadClass(ClassLoaders.java:188)
	at java.base/java.lang.ClassLoader.loadClass(ClassLoader.java:526)
	at java.base/java.lang.Class.forName0(Native Method)
	at java.base/java.lang.Class.forName(Class.java:536)
	at java.base/java.lang.Class.forName(Class.java:515)
	at org.springframework.boot.devtools.restart.classloader.RestartClassLoader.loadClass(RestartClassLoader.java:123)
	at java.base/java.lang.ClassLoader.loadClass(ClassLoader.java:526)
	... 27 common frames omitted
[2026-02-24 14:31:51:978849][restartedMain] ERROR o.s.boot.SpringApplication - Application run failed
org.springframework.beans.factory.BeanCreationException: Error creating bean with name 'userService': Resolution of declared constructors on bean Class [com.hana8.demo.service.UserService] from ClassLoader [org.springframework.boot.devtools.restart.classloader.RestartClassLoader@64685c3e] failed
	at org.springframework.beans.factory.annotation.AutowiredAnnotationBeanPostProcessor.determineCandidateConstructors(AutowiredAnnotationBeanPostProcessor.java:368)
	at org.springframework.beans.factory.support.AbstractAutowireCapableBeanFactory.determineConstructorsFromBeanPostProcessors(AbstractAutowireCapableBeanFactory.java:1321)
	at org.springframework.beans.factory.support.AbstractAutowireCapableBeanFactory.createBeanInstance(AbstractAutowireCapableBeanFactory.java:1218)
	at org.springframework.beans.factory.support.AbstractAutowireCapableBeanFactory.doCreateBean(AbstractAutowireCapableBeanFactory.java:565)
	at org.springframework.beans.factory.support.AbstractAutowireCapableBeanFactory.createBean(AbstractAutowireCapableBeanFactory.java:525)
	at org.springframework.beans.factory.support.AbstractBeanFactory.lambda$doGetBean$0(AbstractBeanFactory.java:333)
	at org.springframework.beans.factory.support.DefaultSingletonBeanRegistry.getSingleton(DefaultSingletonBeanRegistry.java:371)
	at org.springframework.beans.factory.support.AbstractBeanFactory.doGetBean(AbstractBeanFactory.java:331)
	at org.springframework.beans.factory.support.AbstractBeanFactory.getBean(AbstractBeanFactory.java:196)
	at org.springframework.beans.factory.support.DefaultListableBeanFactory.instantiateSingleton(DefaultListableBeanFactory.java:1218)
	at org.springframework.beans.factory.support.DefaultListableBeanFactory.preInstantiateSingleton(DefaultListableBeanFactory.java:1184)
	at org.springframework.beans.factory.support.DefaultListableBeanFactory.preInstantiateSingletons(DefaultListableBeanFactory.java:1121)
	at org.springframework.context.support.AbstractApplicationContext.finishBeanFactoryInitialization(AbstractApplicationContext.java:994)
	at org.springframework.context.support.AbstractApplicationContext.refresh(AbstractApplicationContext.java:621)
	at org.springframework.boot.web.server.servlet.context.ServletWebServerApplicationContext.refresh(ServletWebServerApplicationContext.java:143)
	at org.springframework.boot.SpringApplication.refresh(SpringApplication.java:756)
	at org.springframework.boot.SpringApplication.refreshContext(SpringApplication.java:445)
	at org.springframework.boot.SpringApplication.run(SpringApplication.java:321)
	at org.springframework.boot.SpringApplication.run(SpringApplication.java:1365)
	at org.springframework.boot.SpringApplication.run(SpringApplication.java:1354)
	at com.hana8.demo.DemoApplication.main(DemoApplication.java:10)
	at java.base/jdk.internal.reflect.DirectMethodHandleAccessor.invoke(DirectMethodHandleAccessor.java:103)
	at java.base/java.lang.reflect.Method.invoke(Method.java:580)
	at org.springframework.boot.devtools.restart.RestartLauncher.run(RestartLauncher.java:52)
Caused by: java.lang.NoClassDefFoundError: com/hana8/demo/repository/UserRepository
	at java.base/java.lang.Class.getDeclaredConstructors0(Native Method)
	at java.base/java.lang.Class.privateGetDeclaredConstructors(Class.java:3551)
	at java.base/java.lang.Class.getDeclaredConstructors(Class.java:2729)
	at org.springframework.beans.factory.annotation.AutowiredAnnotationBeanPostProcessor.determineCandidateConstructors(AutowiredAnnotationBeanPostProcessor.java:363)
	... 23 common frames omitted
Caused by: java.lang.ClassNotFoundException: com.hana8.demo.repository.UserRepository
	at java.base/jdk.internal.loader.BuiltinClassLoader.loadClass(BuiltinClassLoader.java:641)
	at java.base/jdk.internal.loader.ClassLoaders$AppClassLoader.loadClass(ClassLoaders.java:188)
	at java.base/java.lang.ClassLoader.loadClass(ClassLoader.java:526)
	at java.base/java.lang.Class.forName0(Native Method)
	at java.base/java.lang.Class.forName(Class.java:536)
	at java.base/java.lang.Class.forName(Class.java:515)
	at org.springframework.boot.devtools.restart.classloader.RestartClassLoader.loadClass(RestartClassLoader.java:123)
	at java.base/java.lang.ClassLoader.loadClass(ClassLoader.java:526)
	... 27 common frames omitted
[2026-02-24 14:32:58:1045348][restartedMain] INFO  com.hana8.demo.DemoApplication - Starting DemoApplication using Java 21.0.9 with PID 31388 (C:\mygit\hana8\java\demo\build\classes\java\main started by tiger in C:\mygit\hana8\java\demo)
[2026-02-24 14:32:58:1045348][restartedMain] DEBUG com.hana8.demo.DemoApplication - Running with Spring Boot v4.0.3, Spring v7.0.5
[2026-02-24 14:32:58:1045348][restartedMain] INFO  com.hana8.demo.DemoApplication - No active profile set, falling back to 1 default profile: "default"
[2026-02-24 14:32:58:1045482][restartedMain] WARN  o.s.b.w.s.s.c.AnnotationConfigServletWebServerApplicationContext - Exception encountered during context initialization - cancelling refresh attempt: org.springframework.beans.factory.BeanCreationException: Error creating bean with name 'userService': Resolution of declared constructors on bean Class [com.hana8.demo.service.UserService] from ClassLoader [org.springframework.boot.devtools.restart.classloader.RestartClassLoader@5a2c2f21] failed
[2026-02-24 14:32:58:1045482][restartedMain] WARN  o.s.b.w.s.s.c.AnnotationConfigServletWebServerApplicationContext - Exception encountered during context initialization - cancelling refresh attempt: org.springframework.beans.factory.BeanCreationException: Error creating bean with name 'userService': Resolution of declared constructors on bean Class [com.hana8.demo.service.UserService] from ClassLoader [org.springframework.boot.devtools.restart.classloader.RestartClassLoader@5a2c2f21] failed
[2026-02-24 14:32:58:1045487][restartedMain] ERROR o.s.boot.SpringApplication - Application run failed
org.springframework.beans.factory.BeanCreationException: Error creating bean with name 'userService': Resolution of declared constructors on bean Class [com.hana8.demo.service.UserService] from ClassLoader [org.springframework.boot.devtools.restart.classloader.RestartClassLoader@5a2c2f21] failed
	at org.springframework.beans.factory.annotation.AutowiredAnnotationBeanPostProcessor.determineCandidateConstructors(AutowiredAnnotationBeanPostProcessor.java:368)
	at org.springframework.beans.factory.support.AbstractAutowireCapableBeanFactory.determineConstructorsFromBeanPostProcessors(AbstractAutowireCapableBeanFactory.java:1321)
	at org.springframework.beans.factory.support.AbstractAutowireCapableBeanFactory.createBeanInstance(AbstractAutowireCapableBeanFactory.java:1218)
	at org.springframework.beans.factory.support.AbstractAutowireCapableBeanFactory.doCreateBean(AbstractAutowireCapableBeanFactory.java:565)
	at org.springframework.beans.factory.support.AbstractAutowireCapableBeanFactory.createBean(AbstractAutowireCapableBeanFactory.java:525)
	at org.springframework.beans.factory.support.AbstractBeanFactory.lambda$doGetBean$0(AbstractBeanFactory.java:333)
	at org.springframework.beans.factory.support.DefaultSingletonBeanRegistry.getSingleton(DefaultSingletonBeanRegistry.java:371)
	at org.springframework.beans.factory.support.AbstractBeanFactory.doGetBean(AbstractBeanFactory.java:331)
	at org.springframework.beans.factory.support.AbstractBeanFactory.getBean(AbstractBeanFactory.java:196)
	at org.springframework.beans.factory.support.DefaultListableBeanFactory.instantiateSingleton(DefaultListableBeanFactory.java:1218)
	at org.springframework.beans.factory.support.DefaultListableBeanFactory.preInstantiateSingleton(DefaultListableBeanFactory.java:1184)
	at org.springframework.beans.factory.support.DefaultListableBeanFactory.preInstantiateSingletons(DefaultListableBeanFactory.java:1121)
	at org.springframework.context.support.AbstractApplicationContext.finishBeanFactoryInitialization(AbstractApplicationContext.java:994)
	at org.springframework.context.support.AbstractApplicationContext.refresh(AbstractApplicationContext.java:621)
	at org.springframework.boot.web.server.servlet.context.ServletWebServerApplicationContext.refresh(ServletWebServerApplicationContext.java:143)
	at org.springframework.boot.SpringApplication.refresh(SpringApplication.java:756)
	at org.springframework.boot.SpringApplication.refreshContext(SpringApplication.java:445)
	at org.springframework.boot.SpringApplication.run(SpringApplication.java:321)
	at org.springframework.boot.SpringApplication.run(SpringApplication.java:1365)
	at org.springframework.boot.SpringApplication.run(SpringApplication.java:1354)
	at com.hana8.demo.DemoApplication.main(DemoApplication.java:10)
	at java.base/jdk.internal.reflect.DirectMethodHandleAccessor.invoke(DirectMethodHandleAccessor.java:103)
	at java.base/java.lang.reflect.Method.invoke(Method.java:580)
	at org.springframework.boot.devtools.restart.RestartLauncher.run(RestartLauncher.java:52)
Caused by: java.lang.NoClassDefFoundError: com/hana8/demo/repository/UserRepository
	at java.base/java.lang.Class.getDeclaredConstructors0(Native Method)
	at java.base/java.lang.Class.privateGetDeclaredConstructors(Class.java:3551)
	at java.base/java.lang.Class.getDeclaredConstructors(Class.java:2729)
	at org.springframework.beans.factory.annotation.AutowiredAnnotationBeanPostProcessor.determineCandidateConstructors(AutowiredAnnotationBeanPostProcessor.java:363)
	... 23 common frames omitted
Caused by: java.lang.ClassNotFoundException: com.hana8.demo.repository.UserRepository
	at java.base/jdk.internal.loader.BuiltinClassLoader.loadClass(BuiltinClassLoader.java:641)
	at java.base/jdk.internal.loader.ClassLoaders$AppClassLoader.loadClass(ClassLoaders.java:188)
	at java.base/java.lang.ClassLoader.loadClass(ClassLoader.java:526)
	at java.base/java.lang.Class.forName0(Native Method)
	at java.base/java.lang.Class.forName(Class.java:536)
	at java.base/java.lang.Class.forName(Class.java:515)
	at org.springframework.boot.devtools.restart.classloader.RestartClassLoader.loadClass(RestartClassLoader.java:123)
	at java.base/java.lang.ClassLoader.loadClass(ClassLoader.java:526)
	... 27 common frames omitted
[2026-02-24 14:32:58:1045487][restartedMain] ERROR o.s.boot.SpringApplication - Application run failed
org.springframework.beans.factory.BeanCreationException: Error creating bean with name 'userService': Resolution of declared constructors on bean Class [com.hana8.demo.service.UserService] from ClassLoader [org.springframework.boot.devtools.restart.classloader.RestartClassLoader@5a2c2f21] failed
	at org.springframework.beans.factory.annotation.AutowiredAnnotationBeanPostProcessor.determineCandidateConstructors(AutowiredAnnotationBeanPostProcessor.java:368)
	at org.springframework.beans.factory.support.AbstractAutowireCapableBeanFactory.determineConstructorsFromBeanPostProcessors(AbstractAutowireCapableBeanFactory.java:1321)
	at org.springframework.beans.factory.support.AbstractAutowireCapableBeanFactory.createBeanInstance(AbstractAutowireCapableBeanFactory.java:1218)
	at org.springframework.beans.factory.support.AbstractAutowireCapableBeanFactory.doCreateBean(AbstractAutowireCapableBeanFactory.java:565)
	at org.springframework.beans.factory.support.AbstractAutowireCapableBeanFactory.createBean(AbstractAutowireCapableBeanFactory.java:525)
	at org.springframework.beans.factory.support.AbstractBeanFactory.lambda$doGetBean$0(AbstractBeanFactory.java:333)
	at org.springframework.beans.factory.support.DefaultSingletonBeanRegistry.getSingleton(DefaultSingletonBeanRegistry.java:371)
	at org.springframework.beans.factory.support.AbstractBeanFactory.doGetBean(AbstractBeanFactory.java:331)
	at org.springframework.beans.factory.support.AbstractBeanFactory.getBean(AbstractBeanFactory.java:196)
	at org.springframework.beans.factory.support.DefaultListableBeanFactory.instantiateSingleton(DefaultListableBeanFactory.java:1218)
	at org.springframework.beans.factory.support.DefaultListableBeanFactory.preInstantiateSingleton(DefaultListableBeanFactory.java:1184)
	at org.springframework.beans.factory.support.DefaultListableBeanFactory.preInstantiateSingletons(DefaultListableBeanFactory.java:1121)
	at org.springframework.context.support.AbstractApplicationContext.finishBeanFactoryInitialization(AbstractApplicationContext.java:994)
	at org.springframework.context.support.AbstractApplicationContext.refresh(AbstractApplicationContext.java:621)
	at org.springframework.boot.web.server.servlet.context.ServletWebServerApplicationContext.refresh(ServletWebServerApplicationContext.java:143)
	at org.springframework.boot.SpringApplication.refresh(SpringApplication.java:756)
	at org.springframework.boot.SpringApplication.refreshContext(SpringApplication.java:445)
	at org.springframework.boot.SpringApplication.run(SpringApplication.java:321)
	at org.springframework.boot.SpringApplication.run(SpringApplication.java:1365)
	at org.springframework.boot.SpringApplication.run(SpringApplication.java:1354)
	at com.hana8.demo.DemoApplication.main(DemoApplication.java:10)
	at java.base/jdk.internal.reflect.DirectMethodHandleAccessor.invoke(DirectMethodHandleAccessor.java:103)
	at java.base/java.lang.reflect.Method.invoke(Method.java:580)
	at org.springframework.boot.devtools.restart.RestartLauncher.run(RestartLauncher.java:52)
Caused by: java.lang.NoClassDefFoundError: com/hana8/demo/repository/UserRepository
	at java.base/java.lang.Class.getDeclaredConstructors0(Native Method)
	at java.base/java.lang.Class.privateGetDeclaredConstructors(Class.java:3551)
	at java.base/java.lang.Class.getDeclaredConstructors(Class.java:2729)
	at org.springframework.beans.factory.annotation.AutowiredAnnotationBeanPostProcessor.determineCandidateConstructors(AutowiredAnnotationBeanPostProcessor.java:363)
	... 23 common frames omitted
Caused by: java.lang.ClassNotFoundException: com.hana8.demo.repository.UserRepository
	at java.base/jdk.internal.loader.BuiltinClassLoader.loadClass(BuiltinClassLoader.java:641)
	at java.base/jdk.internal.loader.ClassLoaders$AppClassLoader.loadClass(ClassLoaders.java:188)
	at java.base/java.lang.ClassLoader.loadClass(ClassLoader.java:526)
	at java.base/java.lang.Class.forName0(Native Method)
	at java.base/java.lang.Class.forName(Class.java:536)
	at java.base/java.lang.Class.forName(Class.java:515)
	at org.springframework.boot.devtools.restart.classloader.RestartClassLoader.loadClass(RestartClassLoader.java:123)
	at java.base/java.lang.ClassLoader.loadClass(ClassLoader.java:526)
	... 27 common frames omitted
[2026-02-24 14:37:01:1288401][restartedMain] INFO  com.hana8.demo.DemoApplication - Starting DemoApplication using Java 21.0.9 with PID 31388 (C:\mygit\hana8\java\demo\build\classes\java\main started by tiger in C:\mygit\hana8\java\demo)
[2026-02-24 14:37:01:1288401][restartedMain] DEBUG com.hana8.demo.DemoApplication - Running with Spring Boot v4.0.3, Spring v7.0.5
[2026-02-24 14:37:01:1288401][restartedMain] INFO  com.hana8.demo.DemoApplication - No active profile set, falling back to 1 default profile: "default"
[2026-02-24 14:37:01:1288507][restartedMain] WARN  o.s.b.w.s.s.c.AnnotationConfigServletWebServerApplicationContext - Exception encountered during context initialization - cancelling refresh attempt: org.springframework.beans.factory.BeanCreationException: Error creating bean with name 'userService': Resolution of declared constructors on bean Class [com.hana8.demo.service.UserService] from ClassLoader [org.springframework.boot.devtools.restart.classloader.RestartClassLoader@55c6bf1f] failed
[2026-02-24 14:37:01:1288507][restartedMain] WARN  o.s.b.w.s.s.c.AnnotationConfigServletWebServerApplicationContext - Exception encountered during context initialization - cancelling refresh attempt: org.springframework.beans.factory.BeanCreationException: Error creating bean with name 'userService': Resolution of declared constructors on bean Class [com.hana8.demo.service.UserService] from ClassLoader [org.springframework.boot.devtools.restart.classloader.RestartClassLoader@55c6bf1f] failed
[2026-02-24 14:37:01:1288507][restartedMain] ERROR o.s.boot.SpringApplication - Application run failed
org.springframework.beans.factory.BeanCreationException: Error creating bean with name 'userService': Resolution of declared constructors on bean Class [com.hana8.demo.service.UserService] from ClassLoader [org.springframework.boot.devtools.restart.classloader.RestartClassLoader@55c6bf1f] failed
	at org.springframework.beans.factory.annotation.AutowiredAnnotationBeanPostProcessor.determineCandidateConstructors(AutowiredAnnotationBeanPostProcessor.java:368)
	at org.springframework.beans.factory.support.AbstractAutowireCapableBeanFactory.determineConstructorsFromBeanPostProcessors(AbstractAutowireCapableBeanFactory.java:1321)
	at org.springframework.beans.factory.support.AbstractAutowireCapableBeanFactory.createBeanInstance(AbstractAutowireCapableBeanFactory.java:1218)
	at org.springframework.beans.factory.support.AbstractAutowireCapableBeanFactory.doCreateBean(AbstractAutowireCapableBeanFactory.java:565)
	at org.springframework.beans.factory.support.AbstractAutowireCapableBeanFactory.createBean(AbstractAutowireCapableBeanFactory.java:525)
	at org.springframework.beans.factory.support.AbstractBeanFactory.lambda$doGetBean$0(AbstractBeanFactory.java:333)
	at org.springframework.beans.factory.support.DefaultSingletonBeanRegistry.getSingleton(DefaultSingletonBeanRegistry.java:371)
	at org.springframework.beans.factory.support.AbstractBeanFactory.doGetBean(AbstractBeanFactory.java:331)
	at org.springframework.beans.factory.support.AbstractBeanFactory.getBean(AbstractBeanFactory.java:196)
	at org.springframework.beans.factory.support.DefaultListableBeanFactory.instantiateSingleton(DefaultListableBeanFactory.java:1218)
	at org.springframework.beans.factory.support.DefaultListableBeanFactory.preInstantiateSingleton(DefaultListableBeanFactory.java:1184)
	at org.springframework.beans.factory.support.DefaultListableBeanFactory.preInstantiateSingletons(DefaultListableBeanFactory.java:1121)
	at org.springframework.context.support.AbstractApplicationContext.finishBeanFactoryInitialization(AbstractApplicationContext.java:994)
	at org.springframework.context.support.AbstractApplicationContext.refresh(AbstractApplicationContext.java:621)
	at org.springframework.boot.web.server.servlet.context.ServletWebServerApplicationContext.refresh(ServletWebServerApplicationContext.java:143)
	at org.springframework.boot.SpringApplication.refresh(SpringApplication.java:756)
	at org.springframework.boot.SpringApplication.refreshContext(SpringApplication.java:445)
	at org.springframework.boot.SpringApplication.run(SpringApplication.java:321)
	at org.springframework.boot.SpringApplication.run(SpringApplication.java:1365)
	at org.springframework.boot.SpringApplication.run(SpringApplication.java:1354)
	at com.hana8.demo.DemoApplication.main(DemoApplication.java:10)
	at java.base/jdk.internal.reflect.DirectMethodHandleAccessor.invoke(DirectMethodHandleAccessor.java:103)
	at java.base/java.lang.reflect.Method.invoke(Method.java:580)
	at org.springframework.boot.devtools.restart.RestartLauncher.run(RestartLauncher.java:52)
Caused by: java.lang.NoClassDefFoundError: com/hana8/demo/repository/UserRepository
	at java.base/java.lang.Class.getDeclaredConstructors0(Native Method)
	at java.base/java.lang.Class.privateGetDeclaredConstructors(Class.java:3551)
	at java.base/java.lang.Class.getDeclaredConstructors(Class.java:2729)
	at org.springframework.beans.factory.annotation.AutowiredAnnotationBeanPostProcessor.determineCandidateConstructors(AutowiredAnnotationBeanPostProcessor.java:363)
	... 23 common frames omitted
Caused by: java.lang.ClassNotFoundException: com.hana8.demo.repository.UserRepository
	at java.base/jdk.internal.loader.BuiltinClassLoader.loadClass(BuiltinClassLoader.java:641)
	at java.base/jdk.internal.loader.ClassLoaders$AppClassLoader.loadClass(ClassLoaders.java:188)
	at java.base/java.lang.ClassLoader.loadClass(ClassLoader.java:526)
	at java.base/java.lang.Class.forName0(Native Method)
	at java.base/java.lang.Class.forName(Class.java:536)
	at java.base/java.lang.Class.forName(Class.java:515)
	at org.springframework.boot.devtools.restart.classloader.RestartClassLoader.loadClass(RestartClassLoader.java:123)
	at java.base/java.lang.ClassLoader.loadClass(ClassLoader.java:526)
	... 27 common frames omitted
[2026-02-24 14:37:01:1288507][restartedMain] ERROR o.s.boot.SpringApplication - Application run failed
org.springframework.beans.factory.BeanCreationException: Error creating bean with name 'userService': Resolution of declared constructors on bean Class [com.hana8.demo.service.UserService] from ClassLoader [org.springframework.boot.devtools.restart.classloader.RestartClassLoader@55c6bf1f] failed
	at org.springframework.beans.factory.annotation.AutowiredAnnotationBeanPostProcessor.determineCandidateConstructors(AutowiredAnnotationBeanPostProcessor.java:368)
	at org.springframework.beans.factory.support.AbstractAutowireCapableBeanFactory.determineConstructorsFromBeanPostProcessors(AbstractAutowireCapableBeanFactory.java:1321)
	at org.springframework.beans.factory.support.AbstractAutowireCapableBeanFactory.createBeanInstance(AbstractAutowireCapableBeanFactory.java:1218)
	at org.springframework.beans.factory.support.AbstractAutowireCapableBeanFactory.doCreateBean(AbstractAutowireCapableBeanFactory.java:565)
	at org.springframework.beans.factory.support.AbstractAutowireCapableBeanFactory.createBean(AbstractAutowireCapableBeanFactory.java:525)
	at org.springframework.beans.factory.support.AbstractBeanFactory.lambda$doGetBean$0(AbstractBeanFactory.java:333)
	at org.springframework.beans.factory.support.DefaultSingletonBeanRegistry.getSingleton(DefaultSingletonBeanRegistry.java:371)
	at org.springframework.beans.factory.support.AbstractBeanFactory.doGetBean(AbstractBeanFactory.java:331)
	at org.springframework.beans.factory.support.AbstractBeanFactory.getBean(AbstractBeanFactory.java:196)
	at org.springframework.beans.factory.support.DefaultListableBeanFactory.instantiateSingleton(DefaultListableBeanFactory.java:1218)
	at org.springframework.beans.factory.support.DefaultListableBeanFactory.preInstantiateSingleton(DefaultListableBeanFactory.java:1184)
	at org.springframework.beans.factory.support.DefaultListableBeanFactory.preInstantiateSingletons(DefaultListableBeanFactory.java:1121)
	at org.springframework.context.support.AbstractApplicationContext.finishBeanFactoryInitialization(AbstractApplicationContext.java:994)
	at org.springframework.context.support.AbstractApplicationContext.refresh(AbstractApplicationContext.java:621)
	at org.springframework.boot.web.server.servlet.context.ServletWebServerApplicationContext.refresh(ServletWebServerApplicationContext.java:143)
	at org.springframework.boot.SpringApplication.refresh(SpringApplication.java:756)
	at org.springframework.boot.SpringApplication.refreshContext(SpringApplication.java:445)
	at org.springframework.boot.SpringApplication.run(SpringApplication.java:321)
	at org.springframework.boot.SpringApplication.run(SpringApplication.java:1365)
	at org.springframework.boot.SpringApplication.run(SpringApplication.java:1354)
	at com.hana8.demo.DemoApplication.main(DemoApplication.java:10)
	at java.base/jdk.internal.reflect.DirectMethodHandleAccessor.invoke(DirectMethodHandleAccessor.java:103)
	at java.base/java.lang.reflect.Method.invoke(Method.java:580)
	at org.springframework.boot.devtools.restart.RestartLauncher.run(RestartLauncher.java:52)
Caused by: java.lang.NoClassDefFoundError: com/hana8/demo/repository/UserRepository
	at java.base/java.lang.Class.getDeclaredConstructors0(Native Method)
	at java.base/java.lang.Class.privateGetDeclaredConstructors(Class.java:3551)
	at java.base/java.lang.Class.getDeclaredConstructors(Class.java:2729)
	at org.springframework.beans.factory.annotation.AutowiredAnnotationBeanPostProcessor.determineCandidateConstructors(AutowiredAnnotationBeanPostProcessor.java:363)
	... 23 common frames omitted
Caused by: java.lang.ClassNotFoundException: com.hana8.demo.repository.UserRepository
	at java.base/jdk.internal.loader.BuiltinClassLoader.loadClass(BuiltinClassLoader.java:641)
	at java.base/jdk.internal.loader.ClassLoaders$AppClassLoader.loadClass(ClassLoaders.java:188)
	at java.base/java.lang.ClassLoader.loadClass(ClassLoader.java:526)
	at java.base/java.lang.Class.forName0(Native Method)
	at java.base/java.lang.Class.forName(Class.java:536)
	at java.base/java.lang.Class.forName(Class.java:515)
	at org.springframework.boot.devtools.restart.classloader.RestartClassLoader.loadClass(RestartClassLoader.java:123)
	at java.base/java.lang.ClassLoader.loadClass(ClassLoader.java:526)
	... 27 common frames omitted
[2026-02-24 14:37:02:1289948][restartedMain] INFO  com.hana8.demo.DemoApplication - Starting DemoApplication using Java 21.0.9 with PID 31388 (C:\mygit\hana8\java\demo\build\classes\java\main started by tiger in C:\mygit\hana8\java\demo)
[2026-02-24 14:37:02:1289948][restartedMain] DEBUG com.hana8.demo.DemoApplication - Running with Spring Boot v4.0.3, Spring v7.0.5
[2026-02-24 14:37:02:1289948][restartedMain] INFO  com.hana8.demo.DemoApplication - No active profile set, falling back to 1 default profile: "default"
[2026-02-24 14:37:02:1290043][restartedMain] WARN  o.s.b.w.s.s.c.AnnotationConfigServletWebServerApplicationContext - Exception encountered during context initialization - cancelling refresh attempt: org.springframework.beans.factory.BeanCreationException: Error creating bean with name 'userService': Resolution of declared constructors on bean Class [com.hana8.demo.service.UserService] from ClassLoader [org.springframework.boot.devtools.restart.classloader.RestartClassLoader@226892ae] failed
[2026-02-24 14:37:02:1290043][restartedMain] WARN  o.s.b.w.s.s.c.AnnotationConfigServletWebServerApplicationContext - Exception encountered during context initialization - cancelling refresh attempt: org.springframework.beans.factory.BeanCreationException: Error creating bean with name 'userService': Resolution of declared constructors on bean Class [com.hana8.demo.service.UserService] from ClassLoader [org.springframework.boot.devtools.restart.classloader.RestartClassLoader@226892ae] failed
[2026-02-24 14:37:02:1290048][restartedMain] ERROR o.s.boot.SpringApplication - Application run failed
org.springframework.beans.factory.BeanCreationException: Error creating bean with name 'userService': Resolution of declared constructors on bean Class [com.hana8.demo.service.UserService] from ClassLoader [org.springframework.boot.devtools.restart.classloader.RestartClassLoader@226892ae] failed
	at org.springframework.beans.factory.annotation.AutowiredAnnotationBeanPostProcessor.determineCandidateConstructors(AutowiredAnnotationBeanPostProcessor.java:368)
	at org.springframework.beans.factory.support.AbstractAutowireCapableBeanFactory.determineConstructorsFromBeanPostProcessors(AbstractAutowireCapableBeanFactory.java:1321)
	at org.springframework.beans.factory.support.AbstractAutowireCapableBeanFactory.createBeanInstance(AbstractAutowireCapableBeanFactory.java:1218)
	at org.springframework.beans.factory.support.AbstractAutowireCapableBeanFactory.doCreateBean(AbstractAutowireCapableBeanFactory.java:565)
	at org.springframework.beans.factory.support.AbstractAutowireCapableBeanFactory.createBean(AbstractAutowireCapableBeanFactory.java:525)
	at org.springframework.beans.factory.support.AbstractBeanFactory.lambda$doGetBean$0(AbstractBeanFactory.java:333)
	at org.springframework.beans.factory.support.DefaultSingletonBeanRegistry.getSingleton(DefaultSingletonBeanRegistry.java:371)
	at org.springframework.beans.factory.support.AbstractBeanFactory.doGetBean(AbstractBeanFactory.java:331)
	at org.springframework.beans.factory.support.AbstractBeanFactory.getBean(AbstractBeanFactory.java:196)
	at org.springframework.beans.factory.support.DefaultListableBeanFactory.instantiateSingleton(DefaultListableBeanFactory.java:1218)
	at org.springframework.beans.factory.support.DefaultListableBeanFactory.preInstantiateSingleton(DefaultListableBeanFactory.java:1184)
	at org.springframework.beans.factory.support.DefaultListableBeanFactory.preInstantiateSingletons(DefaultListableBeanFactory.java:1121)
	at org.springframework.context.support.AbstractApplicationContext.finishBeanFactoryInitialization(AbstractApplicationContext.java:994)
	at org.springframework.context.support.AbstractApplicationContext.refresh(AbstractApplicationContext.java:621)
	at org.springframework.boot.web.server.servlet.context.ServletWebServerApplicationContext.refresh(ServletWebServerApplicationContext.java:143)
	at org.springframework.boot.SpringApplication.refresh(SpringApplication.java:756)
	at org.springframework.boot.SpringApplication.refreshContext(SpringApplication.java:445)
	at org.springframework.boot.SpringApplication.run(SpringApplication.java:321)
	at org.springframework.boot.SpringApplication.run(SpringApplication.java:1365)
	at org.springframework.boot.SpringApplication.run(SpringApplication.java:1354)
	at com.hana8.demo.DemoApplication.main(DemoApplication.java:10)
	at java.base/jdk.internal.reflect.DirectMethodHandleAccessor.invoke(DirectMethodHandleAccessor.java:103)
	at java.base/java.lang.reflect.Method.invoke(Method.java:580)
	at org.springframework.boot.devtools.restart.RestartLauncher.run(RestartLauncher.java:52)
Caused by: java.lang.NoClassDefFoundError: com/hana8/demo/repository/UserRepository
	at java.base/java.lang.Class.getDeclaredConstructors0(Native Method)
	at java.base/java.lang.Class.privateGetDeclaredConstructors(Class.java:3551)
	at java.base/java.lang.Class.getDeclaredConstructors(Class.java:2729)
	at org.springframework.beans.factory.annotation.AutowiredAnnotationBeanPostProcessor.determineCandidateConstructors(AutowiredAnnotationBeanPostProcessor.java:363)
	... 23 common frames omitted
Caused by: java.lang.ClassNotFoundException: com.hana8.demo.repository.UserRepository
	at java.base/jdk.internal.loader.BuiltinClassLoader.loadClass(BuiltinClassLoader.java:641)
	at java.base/jdk.internal.loader.ClassLoaders$AppClassLoader.loadClass(ClassLoaders.java:188)
	at java.base/java.lang.ClassLoader.loadClass(ClassLoader.java:526)
	at java.base/java.lang.Class.forName0(Native Method)
	at java.base/java.lang.Class.forName(Class.java:536)
	at java.base/java.lang.Class.forName(Class.java:515)
	at org.springframework.boot.devtools.restart.classloader.RestartClassLoader.loadClass(RestartClassLoader.java:123)
	at java.base/java.lang.ClassLoader.loadClass(ClassLoader.java:526)
	... 27 common frames omitted
[2026-02-24 14:37:02:1290048][restartedMain] ERROR o.s.boot.SpringApplication - Application run failed
org.springframework.beans.factory.BeanCreationException: Error creating bean with name 'userService': Resolution of declared constructors on bean Class [com.hana8.demo.service.UserService] from ClassLoader [org.springframework.boot.devtools.restart.classloader.RestartClassLoader@226892ae] failed
	at org.springframework.beans.factory.annotation.AutowiredAnnotationBeanPostProcessor.determineCandidateConstructors(AutowiredAnnotationBeanPostProcessor.java:368)
	at org.springframework.beans.factory.support.AbstractAutowireCapableBeanFactory.determineConstructorsFromBeanPostProcessors(AbstractAutowireCapableBeanFactory.java:1321)
	at org.springframework.beans.factory.support.AbstractAutowireCapableBeanFactory.createBeanInstance(AbstractAutowireCapableBeanFactory.java:1218)
	at org.springframework.beans.factory.support.AbstractAutowireCapableBeanFactory.doCreateBean(AbstractAutowireCapableBeanFactory.java:565)
	at org.springframework.beans.factory.support.AbstractAutowireCapableBeanFactory.createBean(AbstractAutowireCapableBeanFactory.java:525)
	at org.springframework.beans.factory.support.AbstractBeanFactory.lambda$doGetBean$0(AbstractBeanFactory.java:333)
	at org.springframework.beans.factory.support.DefaultSingletonBeanRegistry.getSingleton(DefaultSingletonBeanRegistry.java:371)
	at org.springframework.beans.factory.support.AbstractBeanFactory.doGetBean(AbstractBeanFactory.java:331)
	at org.springframework.beans.factory.support.AbstractBeanFactory.getBean(AbstractBeanFactory.java:196)
	at org.springframework.beans.factory.support.DefaultListableBeanFactory.instantiateSingleton(DefaultListableBeanFactory.java:1218)
	at org.springframework.beans.factory.support.DefaultListableBeanFactory.preInstantiateSingleton(DefaultListableBeanFactory.java:1184)
	at org.springframework.beans.factory.support.DefaultListableBeanFactory.preInstantiateSingletons(DefaultListableBeanFactory.java:1121)
	at org.springframework.context.support.AbstractApplicationContext.finishBeanFactoryInitialization(AbstractApplicationContext.java:994)
	at org.springframework.context.support.AbstractApplicationContext.refresh(AbstractApplicationContext.java:621)
	at org.springframework.boot.web.server.servlet.context.ServletWebServerApplicationContext.refresh(ServletWebServerApplicationContext.java:143)
	at org.springframework.boot.SpringApplication.refresh(SpringApplication.java:756)
	at org.springframework.boot.SpringApplication.refreshContext(SpringApplication.java:445)
	at org.springframework.boot.SpringApplication.run(SpringApplication.java:321)
	at org.springframework.boot.SpringApplication.run(SpringApplication.java:1365)
	at org.springframework.boot.SpringApplication.run(SpringApplication.java:1354)
	at com.hana8.demo.DemoApplication.main(DemoApplication.java:10)
	at java.base/jdk.internal.reflect.DirectMethodHandleAccessor.invoke(DirectMethodHandleAccessor.java:103)
	at java.base/java.lang.reflect.Method.invoke(Method.java:580)
	at org.springframework.boot.devtools.restart.RestartLauncher.run(RestartLauncher.java:52)
Caused by: java.lang.NoClassDefFoundError: com/hana8/demo/repository/UserRepository
	at java.base/java.lang.Class.getDeclaredConstructors0(Native Method)
	at java.base/java.lang.Class.privateGetDeclaredConstructors(Class.java:3551)
	at java.base/java.lang.Class.getDeclaredConstructors(Class.java:2729)
	at org.springframework.beans.factory.annotation.AutowiredAnnotationBeanPostProcessor.determineCandidateConstructors(AutowiredAnnotationBeanPostProcessor.java:363)
	... 23 common frames omitted
Caused by: java.lang.ClassNotFoundException: com.hana8.demo.repository.UserRepository
	at java.base/jdk.internal.loader.BuiltinClassLoader.loadClass(BuiltinClassLoader.java:641)
	at java.base/jdk.internal.loader.ClassLoaders$AppClassLoader.loadClass(ClassLoaders.java:188)
	at java.base/java.lang.ClassLoader.loadClass(ClassLoader.java:526)
	at java.base/java.lang.Class.forName0(Native Method)
	at java.base/java.lang.Class.forName(Class.java:536)
	at java.base/java.lang.Class.forName(Class.java:515)
	at org.springframework.boot.devtools.restart.classloader.RestartClassLoader.loadClass(RestartClassLoader.java:123)
	at java.base/java.lang.ClassLoader.loadClass(ClassLoader.java:526)
	... 27 common frames omitted
[2026-02-24 14:37:06:1293518][restartedMain] INFO  com.hana8.demo.DemoApplication - Starting DemoApplication using Java 21.0.9 with PID 31388 (C:\mygit\hana8\java\demo\build\classes\java\main started by tiger in C:\mygit\hana8\java\demo)
[2026-02-24 14:37:06:1293518][restartedMain] DEBUG com.hana8.demo.DemoApplication - Running with Spring Boot v4.0.3, Spring v7.0.5
[2026-02-24 14:37:06:1293518][restartedMain] INFO  com.hana8.demo.DemoApplication - No active profile set, falling back to 1 default profile: "default"
[2026-02-24 14:37:06:1293613][restartedMain] WARN  o.s.b.w.s.s.c.AnnotationConfigServletWebServerApplicationContext - Exception encountered during context initialization - cancelling refresh attempt: org.springframework.beans.factory.BeanCreationException: Error creating bean with name 'userService': Resolution of declared constructors on bean Class [com.hana8.demo.service.UserService] from ClassLoader [org.springframework.boot.devtools.restart.classloader.RestartClassLoader@447a371] failed
[2026-02-24 14:37:06:1293613][restartedMain] WARN  o.s.b.w.s.s.c.AnnotationConfigServletWebServerApplicationContext - Exception encountered during context initialization - cancelling refresh attempt: org.springframework.beans.factory.BeanCreationException: Error creating bean with name 'userService': Resolution of declared constructors on bean Class [com.hana8.demo.service.UserService] from ClassLoader [org.springframework.boot.devtools.restart.classloader.RestartClassLoader@447a371] failed
[2026-02-24 14:37:06:1293618][restartedMain] ERROR o.s.boot.SpringApplication - Application run failed
org.springframework.beans.factory.BeanCreationException: Error creating bean with name 'userService': Resolution of declared constructors on bean Class [com.hana8.demo.service.UserService] from ClassLoader [org.springframework.boot.devtools.restart.classloader.RestartClassLoader@447a371] failed
	at org.springframework.beans.factory.annotation.AutowiredAnnotationBeanPostProcessor.determineCandidateConstructors(AutowiredAnnotationBeanPostProcessor.java:368)
	at org.springframework.beans.factory.support.AbstractAutowireCapableBeanFactory.determineConstructorsFromBeanPostProcessors(AbstractAutowireCapableBeanFactory.java:1321)
	at org.springframework.beans.factory.support.AbstractAutowireCapableBeanFactory.createBeanInstance(AbstractAutowireCapableBeanFactory.java:1218)
	at org.springframework.beans.factory.support.AbstractAutowireCapableBeanFactory.doCreateBean(AbstractAutowireCapableBeanFactory.java:565)
	at org.springframework.beans.factory.support.AbstractAutowireCapableBeanFactory.createBean(AbstractAutowireCapableBeanFactory.java:525)
	at org.springframework.beans.factory.support.AbstractBeanFactory.lambda$doGetBean$0(AbstractBeanFactory.java:333)
	at org.springframework.beans.factory.support.DefaultSingletonBeanRegistry.getSingleton(DefaultSingletonBeanRegistry.java:371)
	at org.springframework.beans.factory.support.AbstractBeanFactory.doGetBean(AbstractBeanFactory.java:331)
	at org.springframework.beans.factory.support.AbstractBeanFactory.getBean(AbstractBeanFactory.java:196)
	at org.springframework.beans.factory.support.DefaultListableBeanFactory.instantiateSingleton(DefaultListableBeanFactory.java:1218)
	at org.springframework.beans.factory.support.DefaultListableBeanFactory.preInstantiateSingleton(DefaultListableBeanFactory.java:1184)
	at org.springframework.beans.factory.support.DefaultListableBeanFactory.preInstantiateSingletons(DefaultListableBeanFactory.java:1121)
	at org.springframework.context.support.AbstractApplicationContext.finishBeanFactoryInitialization(AbstractApplicationContext.java:994)
	at org.springframework.context.support.AbstractApplicationContext.refresh(AbstractApplicationContext.java:621)
	at org.springframework.boot.web.server.servlet.context.ServletWebServerApplicationContext.refresh(ServletWebServerApplicationContext.java:143)
	at org.springframework.boot.SpringApplication.refresh(SpringApplication.java:756)
	at org.springframework.boot.SpringApplication.refreshContext(SpringApplication.java:445)
	at org.springframework.boot.SpringApplication.run(SpringApplication.java:321)
	at org.springframework.boot.SpringApplication.run(SpringApplication.java:1365)
	at org.springframework.boot.SpringApplication.run(SpringApplication.java:1354)
	at com.hana8.demo.DemoApplication.main(DemoApplication.java:10)
	at java.base/jdk.internal.reflect.DirectMethodHandleAccessor.invoke(DirectMethodHandleAccessor.java:103)
	at java.base/java.lang.reflect.Method.invoke(Method.java:580)
	at org.springframework.boot.devtools.restart.RestartLauncher.run(RestartLauncher.java:52)
Caused by: java.lang.NoClassDefFoundError: com/hana8/demo/repository/UserRepository
	at java.base/java.lang.Class.getDeclaredConstructors0(Native Method)
	at java.base/java.lang.Class.privateGetDeclaredConstructors(Class.java:3551)
	at java.base/java.lang.Class.getDeclaredConstructors(Class.java:2729)
	at org.springframework.beans.factory.annotation.AutowiredAnnotationBeanPostProcessor.determineCandidateConstructors(AutowiredAnnotationBeanPostProcessor.java:363)
	... 23 common frames omitted
Caused by: java.lang.ClassNotFoundException: com.hana8.demo.repository.UserRepository
	at java.base/jdk.internal.loader.BuiltinClassLoader.loadClass(BuiltinClassLoader.java:641)
	at java.base/jdk.internal.loader.ClassLoaders$AppClassLoader.loadClass(ClassLoaders.java:188)
	at java.base/java.lang.ClassLoader.loadClass(ClassLoader.java:526)
	at java.base/java.lang.Class.forName0(Native Method)
	at java.base/java.lang.Class.forName(Class.java:536)
	at java.base/java.lang.Class.forName(Class.java:515)
	at org.springframework.boot.devtools.restart.classloader.RestartClassLoader.loadClass(RestartClassLoader.java:123)
	at java.base/java.lang.ClassLoader.loadClass(ClassLoader.java:526)
	... 27 common frames omitted
[2026-02-24 14:37:06:1293618][restartedMain] ERROR o.s.boot.SpringApplication - Application run failed
org.springframework.beans.factory.BeanCreationException: Error creating bean with name 'userService': Resolution of declared constructors on bean Class [com.hana8.demo.service.UserService] from ClassLoader [org.springframework.boot.devtools.restart.classloader.RestartClassLoader@447a371] failed
	at org.springframework.beans.factory.annotation.AutowiredAnnotationBeanPostProcessor.determineCandidateConstructors(AutowiredAnnotationBeanPostProcessor.java:368)
	at org.springframework.beans.factory.support.AbstractAutowireCapableBeanFactory.determineConstructorsFromBeanPostProcessors(AbstractAutowireCapableBeanFactory.java:1321)
	at org.springframework.beans.factory.support.AbstractAutowireCapableBeanFactory.createBeanInstance(AbstractAutowireCapableBeanFactory.java:1218)
	at org.springframework.beans.factory.support.AbstractAutowireCapableBeanFactory.doCreateBean(AbstractAutowireCapableBeanFactory.java:565)
	at org.springframework.beans.factory.support.AbstractAutowireCapableBeanFactory.createBean(AbstractAutowireCapableBeanFactory.java:525)
	at org.springframework.beans.factory.support.AbstractBeanFactory.lambda$doGetBean$0(AbstractBeanFactory.java:333)
	at org.springframework.beans.factory.support.DefaultSingletonBeanRegistry.getSingleton(DefaultSingletonBeanRegistry.java:371)
	at org.springframework.beans.factory.support.AbstractBeanFactory.doGetBean(AbstractBeanFactory.java:331)
	at org.springframework.beans.factory.support.AbstractBeanFactory.getBean(AbstractBeanFactory.java:196)
	at org.springframework.beans.factory.support.DefaultListableBeanFactory.instantiateSingleton(DefaultListableBeanFactory.java:1218)
	at org.springframework.beans.factory.support.DefaultListableBeanFactory.preInstantiateSingleton(DefaultListableBeanFactory.java:1184)
	at org.springframework.beans.factory.support.DefaultListableBeanFactory.preInstantiateSingletons(DefaultListableBeanFactory.java:1121)
	at org.springframework.context.support.AbstractApplicationContext.finishBeanFactoryInitialization(AbstractApplicationContext.java:994)
	at org.springframework.context.support.AbstractApplicationContext.refresh(AbstractApplicationContext.java:621)
	at org.springframework.boot.web.server.servlet.context.ServletWebServerApplicationContext.refresh(ServletWebServerApplicationContext.java:143)
	at org.springframework.boot.SpringApplication.refresh(SpringApplication.java:756)
	at org.springframework.boot.SpringApplication.refreshContext(SpringApplication.java:445)
	at org.springframework.boot.SpringApplication.run(SpringApplication.java:321)
	at org.springframework.boot.SpringApplication.run(SpringApplication.java:1365)
	at org.springframework.boot.SpringApplication.run(SpringApplication.java:1354)
	at com.hana8.demo.DemoApplication.main(DemoApplication.java:10)
	at java.base/jdk.internal.reflect.DirectMethodHandleAccessor.invoke(DirectMethodHandleAccessor.java:103)
	at java.base/java.lang.reflect.Method.invoke(Method.java:580)
	at org.springframework.boot.devtools.restart.RestartLauncher.run(RestartLauncher.java:52)
Caused by: java.lang.NoClassDefFoundError: com/hana8/demo/repository/UserRepository
	at java.base/java.lang.Class.getDeclaredConstructors0(Native Method)
	at java.base/java.lang.Class.privateGetDeclaredConstructors(Class.java:3551)
	at java.base/java.lang.Class.getDeclaredConstructors(Class.java:2729)
	at org.springframework.beans.factory.annotation.AutowiredAnnotationBeanPostProcessor.determineCandidateConstructors(AutowiredAnnotationBeanPostProcessor.java:363)
	... 23 common frames omitted
Caused by: java.lang.ClassNotFoundException: com.hana8.demo.repository.UserRepository
	at java.base/jdk.internal.loader.BuiltinClassLoader.loadClass(BuiltinClassLoader.java:641)
	at java.base/jdk.internal.loader.ClassLoaders$AppClassLoader.loadClass(ClassLoaders.java:188)
	at java.base/java.lang.ClassLoader.loadClass(ClassLoader.java:526)
	at java.base/java.lang.Class.forName0(Native Method)
	at java.base/java.lang.Class.forName(Class.java:536)
	at java.base/java.lang.Class.forName(Class.java:515)
	at org.springframework.boot.devtools.restart.classloader.RestartClassLoader.loadClass(RestartClassLoader.java:123)
	at java.base/java.lang.ClassLoader.loadClass(ClassLoader.java:526)
	... 27 common frames omitted
[2026-02-24 14:37:07:1295114][restartedMain] INFO  com.hana8.demo.DemoApplication - Starting DemoApplication using Java 21.0.9 with PID 31388 (C:\mygit\hana8\java\demo\build\classes\java\main started by tiger in C:\mygit\hana8\java\demo)
[2026-02-24 14:37:07:1295116][restartedMain] DEBUG com.hana8.demo.DemoApplication - Running with Spring Boot v4.0.3, Spring v7.0.5
[2026-02-24 14:37:07:1295116][restartedMain] INFO  com.hana8.demo.DemoApplication - No active profile set, falling back to 1 default profile: "default"
[2026-02-24 14:37:07:1295293][restartedMain] WARN  o.s.b.w.s.s.c.AnnotationConfigServletWebServerApplicationContext - Exception encountered during context initialization - cancelling refresh attempt: org.springframework.beans.factory.BeanCreationException: Error creating bean with name 'userService': Resolution of declared constructors on bean Class [com.hana8.demo.service.UserService] from ClassLoader [org.springframework.boot.devtools.restart.classloader.RestartClassLoader@3f29d1ff] failed
[2026-02-24 14:37:07:1295293][restartedMain] WARN  o.s.b.w.s.s.c.AnnotationConfigServletWebServerApplicationContext - Exception encountered during context initialization - cancelling refresh attempt: org.springframework.beans.factory.BeanCreationException: Error creating bean with name 'userService': Resolution of declared constructors on bean Class [com.hana8.demo.service.UserService] from ClassLoader [org.springframework.boot.devtools.restart.classloader.RestartClassLoader@3f29d1ff] failed
[2026-02-24 14:37:07:1295293][restartedMain] ERROR o.s.boot.SpringApplication - Application run failed
org.springframework.beans.factory.BeanCreationException: Error creating bean with name 'userService': Resolution of declared constructors on bean Class [com.hana8.demo.service.UserService] from ClassLoader [org.springframework.boot.devtools.restart.classloader.RestartClassLoader@3f29d1ff] failed
	at org.springframework.beans.factory.annotation.AutowiredAnnotationBeanPostProcessor.determineCandidateConstructors(AutowiredAnnotationBeanPostProcessor.java:368)
	at org.springframework.beans.factory.support.AbstractAutowireCapableBeanFactory.determineConstructorsFromBeanPostProcessors(AbstractAutowireCapableBeanFactory.java:1321)
	at org.springframework.beans.factory.support.AbstractAutowireCapableBeanFactory.createBeanInstance(AbstractAutowireCapableBeanFactory.java:1218)
	at org.springframework.beans.factory.support.AbstractAutowireCapableBeanFactory.doCreateBean(AbstractAutowireCapableBeanFactory.java:565)
	at org.springframework.beans.factory.support.AbstractAutowireCapableBeanFactory.createBean(AbstractAutowireCapableBeanFactory.java:525)
	at org.springframework.beans.factory.support.AbstractBeanFactory.lambda$doGetBean$0(AbstractBeanFactory.java:333)
	at org.springframework.beans.factory.support.DefaultSingletonBeanRegistry.getSingleton(DefaultSingletonBeanRegistry.java:371)
	at org.springframework.beans.factory.support.AbstractBeanFactory.doGetBean(AbstractBeanFactory.java:331)
	at org.springframework.beans.factory.support.AbstractBeanFactory.getBean(AbstractBeanFactory.java:196)
	at org.springframework.beans.factory.support.DefaultListableBeanFactory.instantiateSingleton(DefaultListableBeanFactory.java:1218)
	at org.springframework.beans.factory.support.DefaultListableBeanFactory.preInstantiateSingleton(DefaultListableBeanFactory.java:1184)
	at org.springframework.beans.factory.support.DefaultListableBeanFactory.preInstantiateSingletons(DefaultListableBeanFactory.java:1121)
	at org.springframework.context.support.AbstractApplicationContext.finishBeanFactoryInitialization(AbstractApplicationContext.java:994)
	at org.springframework.context.support.AbstractApplicationContext.refresh(AbstractApplicationContext.java:621)
	at org.springframework.boot.web.server.servlet.context.ServletWebServerApplicationContext.refresh(ServletWebServerApplicationContext.java:143)
	at org.springframework.boot.SpringApplication.refresh(SpringApplication.java:756)
	at org.springframework.boot.SpringApplication.refreshContext(SpringApplication.java:445)
	at org.springframework.boot.SpringApplication.run(SpringApplication.java:321)
	at org.springframework.boot.SpringApplication.run(SpringApplication.java:1365)
	at org.springframework.boot.SpringApplication.run(SpringApplication.java:1354)
	at com.hana8.demo.DemoApplication.main(DemoApplication.java:10)
	at java.base/jdk.internal.reflect.DirectMethodHandleAccessor.invoke(DirectMethodHandleAccessor.java:103)
	at java.base/java.lang.reflect.Method.invoke(Method.java:580)
	at org.springframework.boot.devtools.restart.RestartLauncher.run(RestartLauncher.java:52)
Caused by: java.lang.NoClassDefFoundError: com/hana8/demo/repository/UserRepository
	at java.base/java.lang.Class.getDeclaredConstructors0(Native Method)
	at java.base/java.lang.Class.privateGetDeclaredConstructors(Class.java:3551)
	at java.base/java.lang.Class.getDeclaredConstructors(Class.java:2729)
	at org.springframework.beans.factory.annotation.AutowiredAnnotationBeanPostProcessor.determineCandidateConstructors(AutowiredAnnotationBeanPostProcessor.java:363)
	... 23 common frames omitted
Caused by: java.lang.ClassNotFoundException: com.hana8.demo.repository.UserRepository
	at java.base/jdk.internal.loader.BuiltinClassLoader.loadClass(BuiltinClassLoader.java:641)
	at java.base/jdk.internal.loader.ClassLoaders$AppClassLoader.loadClass(ClassLoaders.java:188)
	at java.base/java.lang.ClassLoader.loadClass(ClassLoader.java:526)
	at java.base/java.lang.Class.forName0(Native Method)
	at java.base/java.lang.Class.forName(Class.java:536)
	at java.base/java.lang.Class.forName(Class.java:515)
	at org.springframework.boot.devtools.restart.classloader.RestartClassLoader.loadClass(RestartClassLoader.java:123)
	at java.base/java.lang.ClassLoader.loadClass(ClassLoader.java:526)
	... 27 common frames omitted
[2026-02-24 14:37:07:1295293][restartedMain] ERROR o.s.boot.SpringApplication - Application run failed
org.springframework.beans.factory.BeanCreationException: Error creating bean with name 'userService': Resolution of declared constructors on bean Class [com.hana8.demo.service.UserService] from ClassLoader [org.springframework.boot.devtools.restart.classloader.RestartClassLoader@3f29d1ff] failed
	at org.springframework.beans.factory.annotation.AutowiredAnnotationBeanPostProcessor.determineCandidateConstructors(AutowiredAnnotationBeanPostProcessor.java:368)
	at org.springframework.beans.factory.support.AbstractAutowireCapableBeanFactory.determineConstructorsFromBeanPostProcessors(AbstractAutowireCapableBeanFactory.java:1321)
	at org.springframework.beans.factory.support.AbstractAutowireCapableBeanFactory.createBeanInstance(AbstractAutowireCapableBeanFactory.java:1218)
	at org.springframework.beans.factory.support.AbstractAutowireCapableBeanFactory.doCreateBean(AbstractAutowireCapableBeanFactory.java:565)
	at org.springframework.beans.factory.support.AbstractAutowireCapableBeanFactory.createBean(AbstractAutowireCapableBeanFactory.java:525)
	at org.springframework.beans.factory.support.AbstractBeanFactory.lambda$doGetBean$0(AbstractBeanFactory.java:333)
	at org.springframework.beans.factory.support.DefaultSingletonBeanRegistry.getSingleton(DefaultSingletonBeanRegistry.java:371)
	at org.springframework.beans.factory.support.AbstractBeanFactory.doGetBean(AbstractBeanFactory.java:331)
	at org.springframework.beans.factory.support.AbstractBeanFactory.getBean(AbstractBeanFactory.java:196)
	at org.springframework.beans.factory.support.DefaultListableBeanFactory.instantiateSingleton(DefaultListableBeanFactory.java:1218)
	at org.springframework.beans.factory.support.DefaultListableBeanFactory.preInstantiateSingleton(DefaultListableBeanFactory.java:1184)
	at org.springframework.beans.factory.support.DefaultListableBeanFactory.preInstantiateSingletons(DefaultListableBeanFactory.java:1121)
	at org.springframework.context.support.AbstractApplicationContext.finishBeanFactoryInitialization(AbstractApplicationContext.java:994)
	at org.springframework.context.support.AbstractApplicationContext.refresh(AbstractApplicationContext.java:621)
	at org.springframework.boot.web.server.servlet.context.ServletWebServerApplicationContext.refresh(ServletWebServerApplicationContext.java:143)
	at org.springframework.boot.SpringApplication.refresh(SpringApplication.java:756)
	at org.springframework.boot.SpringApplication.refreshContext(SpringApplication.java:445)
	at org.springframework.boot.SpringApplication.run(SpringApplication.java:321)
	at org.springframework.boot.SpringApplication.run(SpringApplication.java:1365)
	at org.springframework.boot.SpringApplication.run(SpringApplication.java:1354)
	at com.hana8.demo.DemoApplication.main(DemoApplication.java:10)
	at java.base/jdk.internal.reflect.DirectMethodHandleAccessor.invoke(DirectMethodHandleAccessor.java:103)
	at java.base/java.lang.reflect.Method.invoke(Method.java:580)
	at org.springframework.boot.devtools.restart.RestartLauncher.run(RestartLauncher.java:52)
Caused by: java.lang.NoClassDefFoundError: com/hana8/demo/repository/UserRepository
	at java.base/java.lang.Class.getDeclaredConstructors0(Native Method)
	at java.base/java.lang.Class.privateGetDeclaredConstructors(Class.java:3551)
	at java.base/java.lang.Class.getDeclaredConstructors(Class.java:2729)
	at org.springframework.beans.factory.annotation.AutowiredAnnotationBeanPostProcessor.determineCandidateConstructors(AutowiredAnnotationBeanPostProcessor.java:363)
	... 23 common frames omitted
Caused by: java.lang.ClassNotFoundException: com.hana8.demo.repository.UserRepository
	at java.base/jdk.internal.loader.BuiltinClassLoader.loadClass(BuiltinClassLoader.java:641)
	at java.base/jdk.internal.loader.ClassLoaders$AppClassLoader.loadClass(ClassLoaders.java:188)
	at java.base/java.lang.ClassLoader.loadClass(ClassLoader.java:526)
	at java.base/java.lang.Class.forName0(Native Method)
	at java.base/java.lang.Class.forName(Class.java:536)
	at java.base/java.lang.Class.forName(Class.java:515)
	at org.springframework.boot.devtools.restart.classloader.RestartClassLoader.loadClass(RestartClassLoader.java:123)
	at java.base/java.lang.ClassLoader.loadClass(ClassLoader.java:526)
	... 27 common frames omitted
[2026-02-24 14:44:10:1717514][restartedMain] INFO  com.hana8.demo.DemoApplication - Starting DemoApplication using Java 21.0.9 with PID 31388 (C:\mygit\hana8\java\demo\build\classes\java\main started by tiger in C:\mygit\hana8\java\demo)
[2026-02-24 14:44:10:1717514][restartedMain] DEBUG com.hana8.demo.DemoApplication - Running with Spring Boot v4.0.3, Spring v7.0.5
[2026-02-24 14:44:10:1717514][restartedMain] INFO  com.hana8.demo.DemoApplication - No active profile set, falling back to 1 default profile: "default"
[2026-02-24 14:44:10:1717784][restartedMain] WARN  o.s.b.w.s.s.c.AnnotationConfigServletWebServerApplicationContext - Exception encountered during context initialization - cancelling refresh attempt: org.springframework.beans.factory.BeanCreationException: Error creating bean with name 'userService': Resolution of declared constructors on bean Class [com.hana8.demo.service.UserService] from ClassLoader [org.springframework.boot.devtools.restart.classloader.RestartClassLoader@5f77af42] failed
[2026-02-24 14:44:10:1717784][restartedMain] WARN  o.s.b.w.s.s.c.AnnotationConfigServletWebServerApplicationContext - Exception encountered during context initialization - cancelling refresh attempt: org.springframework.beans.factory.BeanCreationException: Error creating bean with name 'userService': Resolution of declared constructors on bean Class [com.hana8.demo.service.UserService] from ClassLoader [org.springframework.boot.devtools.restart.classloader.RestartClassLoader@5f77af42] failed
[2026-02-24 14:44:10:1717793][restartedMain] ERROR o.s.boot.SpringApplication - Application run failed
org.springframework.beans.factory.BeanCreationException: Error creating bean with name 'userService': Resolution of declared constructors on bean Class [com.hana8.demo.service.UserService] from ClassLoader [org.springframework.boot.devtools.restart.classloader.RestartClassLoader@5f77af42] failed
	at org.springframework.beans.factory.annotation.AutowiredAnnotationBeanPostProcessor.determineCandidateConstructors(AutowiredAnnotationBeanPostProcessor.java:368)
	at org.springframework.beans.factory.support.AbstractAutowireCapableBeanFactory.determineConstructorsFromBeanPostProcessors(AbstractAutowireCapableBeanFactory.java:1321)
	at org.springframework.beans.factory.support.AbstractAutowireCapableBeanFactory.createBeanInstance(AbstractAutowireCapableBeanFactory.java:1218)
	at org.springframework.beans.factory.support.AbstractAutowireCapableBeanFactory.doCreateBean(AbstractAutowireCapableBeanFactory.java:565)
	at org.springframework.beans.factory.support.AbstractAutowireCapableBeanFactory.createBean(AbstractAutowireCapableBeanFactory.java:525)
	at org.springframework.beans.factory.support.AbstractBeanFactory.lambda$doGetBean$0(AbstractBeanFactory.java:333)
	at org.springframework.beans.factory.support.DefaultSingletonBeanRegistry.getSingleton(DefaultSingletonBeanRegistry.java:371)
	at org.springframework.beans.factory.support.AbstractBeanFactory.doGetBean(AbstractBeanFactory.java:331)
	at org.springframework.beans.factory.support.AbstractBeanFactory.getBean(AbstractBeanFactory.java:196)
	at org.springframework.beans.factory.support.DefaultListableBeanFactory.instantiateSingleton(DefaultListableBeanFactory.java:1218)
	at org.springframework.beans.factory.support.DefaultListableBeanFactory.preInstantiateSingleton(DefaultListableBeanFactory.java:1184)
	at org.springframework.beans.factory.support.DefaultListableBeanFactory.preInstantiateSingletons(DefaultListableBeanFactory.java:1121)
	at org.springframework.context.support.AbstractApplicationContext.finishBeanFactoryInitialization(AbstractApplicationContext.java:994)
	at org.springframework.context.support.AbstractApplicationContext.refresh(AbstractApplicationContext.java:621)
	at org.springframework.boot.web.server.servlet.context.ServletWebServerApplicationContext.refresh(ServletWebServerApplicationContext.java:143)
	at org.springframework.boot.SpringApplication.refresh(SpringApplication.java:756)
	at org.springframework.boot.SpringApplication.refreshContext(SpringApplication.java:445)
	at org.springframework.boot.SpringApplication.run(SpringApplication.java:321)
	at org.springframework.boot.SpringApplication.run(SpringApplication.java:1365)
	at org.springframework.boot.SpringApplication.run(SpringApplication.java:1354)
	at com.hana8.demo.DemoApplication.main(DemoApplication.java:10)
	at java.base/jdk.internal.reflect.DirectMethodHandleAccessor.invoke(DirectMethodHandleAccessor.java:103)
	at java.base/java.lang.reflect.Method.invoke(Method.java:580)
	at org.springframework.boot.devtools.restart.RestartLauncher.run(RestartLauncher.java:52)
Caused by: java.lang.NoClassDefFoundError: com/hana8/demo/repository/UserRepository
	at java.base/java.lang.Class.getDeclaredConstructors0(Native Method)
	at java.base/java.lang.Class.privateGetDeclaredConstructors(Class.java:3551)
	at java.base/java.lang.Class.getDeclaredConstructors(Class.java:2729)
	at org.springframework.beans.factory.annotation.AutowiredAnnotationBeanPostProcessor.determineCandidateConstructors(AutowiredAnnotationBeanPostProcessor.java:363)
	... 23 common frames omitted
Caused by: java.lang.ClassNotFoundException: com.hana8.demo.repository.UserRepository
	at java.base/jdk.internal.loader.BuiltinClassLoader.loadClass(BuiltinClassLoader.java:641)
	at java.base/jdk.internal.loader.ClassLoaders$AppClassLoader.loadClass(ClassLoaders.java:188)
	at java.base/java.lang.ClassLoader.loadClass(ClassLoader.java:526)
	at java.base/java.lang.Class.forName0(Native Method)
	at java.base/java.lang.Class.forName(Class.java:536)
	at java.base/java.lang.Class.forName(Class.java:515)
	at org.springframework.boot.devtools.restart.classloader.RestartClassLoader.loadClass(RestartClassLoader.java:123)
	at java.base/java.lang.ClassLoader.loadClass(ClassLoader.java:526)
	... 27 common frames omitted
[2026-02-24 14:44:10:1717793][restartedMain] ERROR o.s.boot.SpringApplication - Application run failed
org.springframework.beans.factory.BeanCreationException: Error creating bean with name 'userService': Resolution of declared constructors on bean Class [com.hana8.demo.service.UserService] from ClassLoader [org.springframework.boot.devtools.restart.classloader.RestartClassLoader@5f77af42] failed
	at org.springframework.beans.factory.annotation.AutowiredAnnotationBeanPostProcessor.determineCandidateConstructors(AutowiredAnnotationBeanPostProcessor.java:368)
	at org.springframework.beans.factory.support.AbstractAutowireCapableBeanFactory.determineConstructorsFromBeanPostProcessors(AbstractAutowireCapableBeanFactory.java:1321)
	at org.springframework.beans.factory.support.AbstractAutowireCapableBeanFactory.createBeanInstance(AbstractAutowireCapableBeanFactory.java:1218)
	at org.springframework.beans.factory.support.AbstractAutowireCapableBeanFactory.doCreateBean(AbstractAutowireCapableBeanFactory.java:565)
	at org.springframework.beans.factory.support.AbstractAutowireCapableBeanFactory.createBean(AbstractAutowireCapableBeanFactory.java:525)
	at org.springframework.beans.factory.support.AbstractBeanFactory.lambda$doGetBean$0(AbstractBeanFactory.java:333)
	at org.springframework.beans.factory.support.DefaultSingletonBeanRegistry.getSingleton(DefaultSingletonBeanRegistry.java:371)
	at org.springframework.beans.factory.support.AbstractBeanFactory.doGetBean(AbstractBeanFactory.java:331)
	at org.springframework.beans.factory.support.AbstractBeanFactory.getBean(AbstractBeanFactory.java:196)
	at org.springframework.beans.factory.support.DefaultListableBeanFactory.instantiateSingleton(DefaultListableBeanFactory.java:1218)
	at org.springframework.beans.factory.support.DefaultListableBeanFactory.preInstantiateSingleton(DefaultListableBeanFactory.java:1184)
	at org.springframework.beans.factory.support.DefaultListableBeanFactory.preInstantiateSingletons(DefaultListableBeanFactory.java:1121)
	at org.springframework.context.support.AbstractApplicationContext.finishBeanFactoryInitialization(AbstractApplicationContext.java:994)
	at org.springframework.context.support.AbstractApplicationContext.refresh(AbstractApplicationContext.java:621)
	at org.springframework.boot.web.server.servlet.context.ServletWebServerApplicationContext.refresh(ServletWebServerApplicationContext.java:143)
	at org.springframework.boot.SpringApplication.refresh(SpringApplication.java:756)
	at org.springframework.boot.SpringApplication.refreshContext(SpringApplication.java:445)
	at org.springframework.boot.SpringApplication.run(SpringApplication.java:321)
	at org.springframework.boot.SpringApplication.run(SpringApplication.java:1365)
	at org.springframework.boot.SpringApplication.run(SpringApplication.java:1354)
	at com.hana8.demo.DemoApplication.main(DemoApplication.java:10)
	at java.base/jdk.internal.reflect.DirectMethodHandleAccessor.invoke(DirectMethodHandleAccessor.java:103)
	at java.base/java.lang.reflect.Method.invoke(Method.java:580)
	at org.springframework.boot.devtools.restart.RestartLauncher.run(RestartLauncher.java:52)
Caused by: java.lang.NoClassDefFoundError: com/hana8/demo/repository/UserRepository
	at java.base/java.lang.Class.getDeclaredConstructors0(Native Method)
	at java.base/java.lang.Class.privateGetDeclaredConstructors(Class.java:3551)
	at java.base/java.lang.Class.getDeclaredConstructors(Class.java:2729)
	at org.springframework.beans.factory.annotation.AutowiredAnnotationBeanPostProcessor.determineCandidateConstructors(AutowiredAnnotationBeanPostProcessor.java:363)
	... 23 common frames omitted
Caused by: java.lang.ClassNotFoundException: com.hana8.demo.repository.UserRepository
	at java.base/jdk.internal.loader.BuiltinClassLoader.loadClass(BuiltinClassLoader.java:641)
	at java.base/jdk.internal.loader.ClassLoaders$AppClassLoader.loadClass(ClassLoaders.java:188)
	at java.base/java.lang.ClassLoader.loadClass(ClassLoader.java:526)
	at java.base/java.lang.Class.forName0(Native Method)
	at java.base/java.lang.Class.forName(Class.java:536)
	at java.base/java.lang.Class.forName(Class.java:515)
	at org.springframework.boot.devtools.restart.classloader.RestartClassLoader.loadClass(RestartClassLoader.java:123)
	at java.base/java.lang.ClassLoader.loadClass(ClassLoader.java:526)
	... 27 common frames omitted
[2026-02-24 14:44:11:1719313][restartedMain] INFO  com.hana8.demo.DemoApplication - Starting DemoApplication using Java 21.0.9 with PID 31388 (C:\mygit\hana8\java\demo\build\classes\java\main started by tiger in C:\mygit\hana8\java\demo)
[2026-02-24 14:44:11:1719313][restartedMain] DEBUG com.hana8.demo.DemoApplication - Running with Spring Boot v4.0.3, Spring v7.0.5
[2026-02-24 14:44:11:1719313][restartedMain] INFO  com.hana8.demo.DemoApplication - No active profile set, falling back to 1 default profile: "default"
[2026-02-24 14:44:12:1719548][restartedMain] WARN  o.s.b.w.s.s.c.AnnotationConfigServletWebServerApplicationContext - Exception encountered during context initialization - cancelling refresh attempt: org.springframework.beans.factory.BeanCreationException: Error creating bean with name 'userService': Resolution of declared constructors on bean Class [com.hana8.demo.service.UserService] from ClassLoader [org.springframework.boot.devtools.restart.classloader.RestartClassLoader@396cbbe0] failed
[2026-02-24 14:44:12:1719548][restartedMain] WARN  o.s.b.w.s.s.c.AnnotationConfigServletWebServerApplicationContext - Exception encountered during context initialization - cancelling refresh attempt: org.springframework.beans.factory.BeanCreationException: Error creating bean with name 'userService': Resolution of declared constructors on bean Class [com.hana8.demo.service.UserService] from ClassLoader [org.springframework.boot.devtools.restart.classloader.RestartClassLoader@396cbbe0] failed
[2026-02-24 14:44:12:1719559][restartedMain] ERROR o.s.boot.SpringApplication - Application run failed
org.springframework.beans.factory.BeanCreationException: Error creating bean with name 'userService': Resolution of declared constructors on bean Class [com.hana8.demo.service.UserService] from ClassLoader [org.springframework.boot.devtools.restart.classloader.RestartClassLoader@396cbbe0] failed
	at org.springframework.beans.factory.annotation.AutowiredAnnotationBeanPostProcessor.determineCandidateConstructors(AutowiredAnnotationBeanPostProcessor.java:368)
	at org.springframework.beans.factory.support.AbstractAutowireCapableBeanFactory.determineConstructorsFromBeanPostProcessors(AbstractAutowireCapableBeanFactory.java:1321)
	at org.springframework.beans.factory.support.AbstractAutowireCapableBeanFactory.createBeanInstance(AbstractAutowireCapableBeanFactory.java:1218)
	at org.springframework.beans.factory.support.AbstractAutowireCapableBeanFactory.doCreateBean(AbstractAutowireCapableBeanFactory.java:565)
	at org.springframework.beans.factory.support.AbstractAutowireCapableBeanFactory.createBean(AbstractAutowireCapableBeanFactory.java:525)
	at org.springframework.beans.factory.support.AbstractBeanFactory.lambda$doGetBean$0(AbstractBeanFactory.java:333)
	at org.springframework.beans.factory.support.DefaultSingletonBeanRegistry.getSingleton(DefaultSingletonBeanRegistry.java:371)
	at org.springframework.beans.factory.support.AbstractBeanFactory.doGetBean(AbstractBeanFactory.java:331)
	at org.springframework.beans.factory.support.AbstractBeanFactory.getBean(AbstractBeanFactory.java:196)
	at org.springframework.beans.factory.support.DefaultListableBeanFactory.instantiateSingleton(DefaultListableBeanFactory.java:1218)
	at org.springframework.beans.factory.support.DefaultListableBeanFactory.preInstantiateSingleton(DefaultListableBeanFactory.java:1184)
	at org.springframework.beans.factory.support.DefaultListableBeanFactory.preInstantiateSingletons(DefaultListableBeanFactory.java:1121)
	at org.springframework.context.support.AbstractApplicationContext.finishBeanFactoryInitialization(AbstractApplicationContext.java:994)
	at org.springframework.context.support.AbstractApplicationContext.refresh(AbstractApplicationContext.java:621)
	at org.springframework.boot.web.server.servlet.context.ServletWebServerApplicationContext.refresh(ServletWebServerApplicationContext.java:143)
	at org.springframework.boot.SpringApplication.refresh(SpringApplication.java:756)
	at org.springframework.boot.SpringApplication.refreshContext(SpringApplication.java:445)
	at org.springframework.boot.SpringApplication.run(SpringApplication.java:321)
	at org.springframework.boot.SpringApplication.run(SpringApplication.java:1365)
	at org.springframework.boot.SpringApplication.run(SpringApplication.java:1354)
	at com.hana8.demo.DemoApplication.main(DemoApplication.java:10)
	at java.base/jdk.internal.reflect.DirectMethodHandleAccessor.invoke(DirectMethodHandleAccessor.java:103)
	at java.base/java.lang.reflect.Method.invoke(Method.java:580)
	at org.springframework.boot.devtools.restart.RestartLauncher.run(RestartLauncher.java:52)
Caused by: java.lang.NoClassDefFoundError: com/hana8/demo/repository/UserRepository
	at java.base/java.lang.Class.getDeclaredConstructors0(Native Method)
	at java.base/java.lang.Class.privateGetDeclaredConstructors(Class.java:3551)
	at java.base/java.lang.Class.getDeclaredConstructors(Class.java:2729)
	at org.springframework.beans.factory.annotation.AutowiredAnnotationBeanPostProcessor.determineCandidateConstructors(AutowiredAnnotationBeanPostProcessor.java:363)
	... 23 common frames omitted
Caused by: java.lang.ClassNotFoundException: com.hana8.demo.repository.UserRepository
	at java.base/jdk.internal.loader.BuiltinClassLoader.loadClass(BuiltinClassLoader.java:641)
	at java.base/jdk.internal.loader.ClassLoaders$AppClassLoader.loadClass(ClassLoaders.java:188)
	at java.base/java.lang.ClassLoader.loadClass(ClassLoader.java:526)
	at java.base/java.lang.Class.forName0(Native Method)
	at java.base/java.lang.Class.forName(Class.java:536)
	at java.base/java.lang.Class.forName(Class.java:515)
	at org.springframework.boot.devtools.restart.classloader.RestartClassLoader.loadClass(RestartClassLoader.java:123)
	at java.base/java.lang.ClassLoader.loadClass(ClassLoader.java:526)
	... 27 common frames omitted
[2026-02-24 14:44:12:1719559][restartedMain] ERROR o.s.boot.SpringApplication - Application run failed
org.springframework.beans.factory.BeanCreationException: Error creating bean with name 'userService': Resolution of declared constructors on bean Class [com.hana8.demo.service.UserService] from ClassLoader [org.springframework.boot.devtools.restart.classloader.RestartClassLoader@396cbbe0] failed
	at org.springframework.beans.factory.annotation.AutowiredAnnotationBeanPostProcessor.determineCandidateConstructors(AutowiredAnnotationBeanPostProcessor.java:368)
	at org.springframework.beans.factory.support.AbstractAutowireCapableBeanFactory.determineConstructorsFromBeanPostProcessors(AbstractAutowireCapableBeanFactory.java:1321)
	at org.springframework.beans.factory.support.AbstractAutowireCapableBeanFactory.createBeanInstance(AbstractAutowireCapableBeanFactory.java:1218)
	at org.springframework.beans.factory.support.AbstractAutowireCapableBeanFactory.doCreateBean(AbstractAutowireCapableBeanFactory.java:565)
	at org.springframework.beans.factory.support.AbstractAutowireCapableBeanFactory.createBean(AbstractAutowireCapableBeanFactory.java:525)
	at org.springframework.beans.factory.support.AbstractBeanFactory.lambda$doGetBean$0(AbstractBeanFactory.java:333)
	at org.springframework.beans.factory.support.DefaultSingletonBeanRegistry.getSingleton(DefaultSingletonBeanRegistry.java:371)
	at org.springframework.beans.factory.support.AbstractBeanFactory.doGetBean(AbstractBeanFactory.java:331)
	at org.springframework.beans.factory.support.AbstractBeanFactory.getBean(AbstractBeanFactory.java:196)
	at org.springframework.beans.factory.support.DefaultListableBeanFactory.instantiateSingleton(DefaultListableBeanFactory.java:1218)
	at org.springframework.beans.factory.support.DefaultListableBeanFactory.preInstantiateSingleton(DefaultListableBeanFactory.java:1184)
	at org.springframework.beans.factory.support.DefaultListableBeanFactory.preInstantiateSingletons(DefaultListableBeanFactory.java:1121)
	at org.springframework.context.support.AbstractApplicationContext.finishBeanFactoryInitialization(AbstractApplicationContext.java:994)
	at org.springframework.context.support.AbstractApplicationContext.refresh(AbstractApplicationContext.java:621)
	at org.springframework.boot.web.server.servlet.context.ServletWebServerApplicationContext.refresh(ServletWebServerApplicationContext.java:143)
	at org.springframework.boot.SpringApplication.refresh(SpringApplication.java:756)
	at org.springframework.boot.SpringApplication.refreshContext(SpringApplication.java:445)
	at org.springframework.boot.SpringApplication.run(SpringApplication.java:321)
	at org.springframework.boot.SpringApplication.run(SpringApplication.java:1365)
	at org.springframework.boot.SpringApplication.run(SpringApplication.java:1354)
	at com.hana8.demo.DemoApplication.main(DemoApplication.java:10)
	at java.base/jdk.internal.reflect.DirectMethodHandleAccessor.invoke(DirectMethodHandleAccessor.java:103)
	at java.base/java.lang.reflect.Method.invoke(Method.java:580)
	at org.springframework.boot.devtools.restart.RestartLauncher.run(RestartLauncher.java:52)
Caused by: java.lang.NoClassDefFoundError: com/hana8/demo/repository/UserRepository
	at java.base/java.lang.Class.getDeclaredConstructors0(Native Method)
	at java.base/java.lang.Class.privateGetDeclaredConstructors(Class.java:3551)
	at java.base/java.lang.Class.getDeclaredConstructors(Class.java:2729)
	at org.springframework.beans.factory.annotation.AutowiredAnnotationBeanPostProcessor.determineCandidateConstructors(AutowiredAnnotationBeanPostProcessor.java:363)
	... 23 common frames omitted
Caused by: java.lang.ClassNotFoundException: com.hana8.demo.repository.UserRepository
	at java.base/jdk.internal.loader.BuiltinClassLoader.loadClass(BuiltinClassLoader.java:641)
	at java.base/jdk.internal.loader.ClassLoaders$AppClassLoader.loadClass(ClassLoaders.java:188)
	at java.base/java.lang.ClassLoader.loadClass(ClassLoader.java:526)
	at java.base/java.lang.Class.forName0(Native Method)
	at java.base/java.lang.Class.forName(Class.java:536)
	at java.base/java.lang.Class.forName(Class.java:515)
	at org.springframework.boot.devtools.restart.classloader.RestartClassLoader.loadClass(RestartClassLoader.java:123)
	at java.base/java.lang.ClassLoader.loadClass(ClassLoader.java:526)
	... 27 common frames omitted
[2026-02-24 14:44:19:1727180][restartedMain] INFO  com.hana8.demo.DemoApplication - Starting DemoApplication using Java 21.0.9 with PID 31388 (C:\mygit\hana8\java\demo\build\classes\java\main started by tiger in C:\mygit\hana8\java\demo)
[2026-02-24 14:44:19:1727180][restartedMain] DEBUG com.hana8.demo.DemoApplication - Running with Spring Boot v4.0.3, Spring v7.0.5
[2026-02-24 14:44:19:1727180][restartedMain] INFO  com.hana8.demo.DemoApplication - No active profile set, falling back to 1 default profile: "default"
[2026-02-24 14:44:19:1727314][restartedMain] INFO  com.hana8.demo.DemoApplication - Started DemoApplication in 0.166 seconds (process running for 1727.751)
[2026-02-24 15:07:38:3125332][restartedMain] INFO  com.hana8.demo.DemoApplication - Starting DemoApplication using Java 21.0.9 with PID 31388 (C:\mygit\hana8\java\demo\build\classes\java\main started by tiger in C:\mygit\hana8\java\demo)
[2026-02-24 15:07:38:3125334][restartedMain] DEBUG com.hana8.demo.DemoApplication - Running with Spring Boot v4.0.3, Spring v7.0.5
[2026-02-24 15:07:38:3125334][restartedMain] INFO  com.hana8.demo.DemoApplication - No active profile set, falling back to 1 default profile: "default"
[2026-02-24 15:07:38:3125708][restartedMain] INFO  com.hana8.demo.DemoApplication - Started DemoApplication in 0.437 seconds (process running for 3126.199)
[2026-02-24 15:08:19:3167172][restartedMain] INFO  com.hana8.demo.DemoApplication - Starting DemoApplication using Java 21.0.9 with PID 31388 (C:\mygit\hana8\java\demo\build\classes\java\main started by tiger in C:\mygit\hana8\java\demo)
[2026-02-24 15:08:19:3167172][restartedMain] DEBUG com.hana8.demo.DemoApplication - Running with Spring Boot v4.0.3, Spring v7.0.5
[2026-02-24 15:08:19:3167174][restartedMain] INFO  com.hana8.demo.DemoApplication - No active profile set, falling back to 1 default profile: "default"
[2026-02-24 15:08:20:3167404][restartedMain] INFO  com.hana8.demo.DemoApplication - Started DemoApplication in 0.278 seconds (process running for 3167.902)
[2026-02-24 15:08:55:3202834][restartedMain] INFO  com.hana8.demo.DemoApplication - Starting DemoApplication using Java 21.0.9 with PID 31388 (C:\mygit\hana8\java\demo\build\classes\java\main started by tiger in C:\mygit\hana8\java\demo)
[2026-02-24 15:08:55:3202835][restartedMain] DEBUG com.hana8.demo.DemoApplication - Running with Spring Boot v4.0.3, Spring v7.0.5
[2026-02-24 15:08:55:3202835][restartedMain] INFO  com.hana8.demo.DemoApplication - No active profile set, falling back to 1 default profile: "default"
[2026-02-24 15:08:55:3202968][restartedMain] INFO  com.hana8.demo.DemoApplication - Started DemoApplication in 0.159 seconds (process running for 3203.457)
[2026-02-24 15:09:17:3224911][restartedMain] INFO  com.hana8.demo.DemoApplication - Starting DemoApplication using Java 21.0.9 with PID 31388 (C:\mygit\hana8\java\demo\build\classes\java\main started by tiger in C:\mygit\hana8\java\demo)
[2026-02-24 15:09:17:3224911][restartedMain] DEBUG com.hana8.demo.DemoApplication - Running with Spring Boot v4.0.3, Spring v7.0.5
[2026-02-24 15:09:17:3224911][restartedMain] INFO  com.hana8.demo.DemoApplication - No active profile set, falling back to 1 default profile: "default"
[2026-02-24 15:09:17:3225119][restartedMain] INFO  com.hana8.demo.DemoApplication - Started DemoApplication in 0.24 seconds (process running for 3225.606)
[2026-02-24 15:12:19:3406679][restartedMain] INFO  com.hana8.demo.DemoApplication - Starting DemoApplication using Java 21.0.9 with PID 31388 (C:\mygit\hana8\java\demo\build\classes\java\main started by tiger in C:\mygit\hana8\java\demo)
[2026-02-24 15:12:19:3406679][restartedMain] DEBUG com.hana8.demo.DemoApplication - Running with Spring Boot v4.0.3, Spring v7.0.5
[2026-02-24 15:12:19:3406679][restartedMain] INFO  com.hana8.demo.DemoApplication - No active profile set, falling back to 1 default profile: "default"
[2026-02-24 15:12:19:3406803][restartedMain] INFO  com.hana8.demo.DemoApplication - Started DemoApplication in 0.151 seconds (process running for 3407.293)
[2026-02-24 15:14:39:3546757][restartedMain] INFO  com.hana8.demo.DemoApplication - Starting DemoApplication using Java 21.0.9 with PID 31388 (C:\mygit\hana8\java\demo\build\classes\java\main started by tiger in C:\mygit\hana8\java\demo)
[2026-02-24 15:14:39:3546757][restartedMain] DEBUG com.hana8.demo.DemoApplication - Running with Spring Boot v4.0.3, Spring v7.0.5
[2026-02-24 15:14:39:3546757][restartedMain] INFO  com.hana8.demo.DemoApplication - No active profile set, falling back to 1 default profile: "default"
[2026-02-24 15:14:39:3547032][restartedMain] INFO  com.hana8.demo.DemoApplication - Started DemoApplication in 0.305 seconds (process running for 3547.521)
[2026-02-24 16:01:38:6365437][restartedMain] INFO  com.hana8.demo.DemoApplication - Starting DemoApplication using Java 21.0.9 with PID 31388 (C:\mygit\hana8\java\demo\build\classes\java\main started by tiger in C:\mygit\hana8\java\demo)
[2026-02-24 16:01:38:6365437][restartedMain] DEBUG com.hana8.demo.DemoApplication - Running with Spring Boot v4.0.3, Spring v7.0.5
[2026-02-24 16:01:38:6365437][restartedMain] INFO  com.hana8.demo.DemoApplication - No active profile set, falling back to 1 default profile: "default"
[2026-02-24 16:01:38:6365686][restartedMain] INFO  com.hana8.demo.DemoApplication - Started DemoApplication in 0.287 seconds (process running for 6366.21)
[2026-02-24 16:01:53:6380482][restartedMain] INFO  com.hana8.demo.DemoApplication - Starting DemoApplication using Java 21.0.9 with PID 31388 (C:\mygit\hana8\java\demo\build\classes\java\main started by tiger in C:\mygit\hana8\java\demo)
[2026-02-24 16:01:53:6380482][restartedMain] DEBUG com.hana8.demo.DemoApplication - Running with Spring Boot v4.0.3, Spring v7.0.5
[2026-02-24 16:01:53:6380482][restartedMain] INFO  com.hana8.demo.DemoApplication - No active profile set, falling back to 1 default profile: "default"
[2026-02-24 16:01:53:6380762][restartedMain] INFO  com.hana8.demo.DemoApplication - Started DemoApplication in 0.319 seconds (process running for 6381.294)
[2026-02-24 16:02:12:6399838][restartedMain] INFO  com.hana8.demo.DemoApplication - Starting DemoApplication using Java 21.0.9 with PID 31388 (C:\mygit\hana8\java\demo\build\classes\java\main started by tiger in C:\mygit\hana8\java\demo)
[2026-02-24 16:02:12:6399838][restartedMain] DEBUG com.hana8.demo.DemoApplication - Running with Spring Boot v4.0.3, Spring v7.0.5
[2026-02-24 16:02:12:6399838][restartedMain] INFO  com.hana8.demo.DemoApplication - No active profile set, falling back to 1 default profile: "default"
[2026-02-24 16:02:12:6400059][restartedMain] INFO  com.hana8.demo.DemoApplication - Started DemoApplication in 0.236 seconds (process running for 6400.588)
[2026-02-24 18:16:12:944][restartedMain] INFO  com.hana8.demo.DemoApplication - Starting DemoApplication using Java 21.0.9 with PID 31008 (C:\mygit\hana8\java\demo\build\classes\java\main started by tiger in C:\mygit\hana8\java\demo)
[2026-02-24 18:16:12:947][restartedMain] DEBUG com.hana8.demo.DemoApplication - Running with Spring Boot v4.0.3, Spring v7.0.5
[2026-02-24 18:16:12:948][restartedMain] INFO  com.hana8.demo.DemoApplication - No active profile set, falling back to 1 default profile: "default"
[2026-02-24 18:16:14:2530][restartedMain] INFO  com.hana8.demo.DemoApplication - Started DemoApplication in 2.24 seconds (process running for 3.567)
[2026-02-24 18:20:11:805][restartedMain] INFO  com.hana8.demo.DemoApplication - Starting DemoApplication using Java 21.0.9 with PID 18076 (C:\mygit\hana8\java\demo\build\classes\java\main started by tiger in C:\mygit\hana8\java\demo)
[2026-02-24 18:20:11:807][restartedMain] DEBUG com.hana8.demo.DemoApplication - Running with Spring Boot v4.0.3, Spring v7.0.5
[2026-02-24 18:20:11:807][restartedMain] INFO  com.hana8.demo.DemoApplication - No active profile set, falling back to 1 default profile: "default"
[2026-02-24 18:20:13:2443][restartedMain] INFO  com.hana8.demo.DemoApplication - Started DemoApplication in 2.231 seconds (process running for 3.013)
